"","id","grouping","value","qid"
"369","glpt","folded.exp",2.2731223105,"qid:1"
"370","yicl","folded.exp",1.3884582617,"qid:1"
"371","sbma","folded.exp",2.0039395362,"qid:1"
"372","nirc","folded.exp",0.8692450963,"qid:1"
"373","yqjf","folded.exp",1.1061022993,"qid:1"
"374","rstb","folded.exp",0.8840255766,"qid:1"
"375","yhje","folded.exp",1.6961155159,"qid:1"
"376","yeef","folded.exp",2.8777443806,"qid:1"
"377","proy","folded.exp",2.2287939516,"qid:1"
"378","arop","folded.exp",1.0724120921,"qid:1"
"380","cyca","folded.exp",1.987337793,"qid:1"
"381","brnq","folded.exp",1.3215641963,"qid:1"
"382","atpi","folded.exp",1.4537010459,"qid:1"
"383","mred","folded.exp",0.6823807652,"qid:1"
"384","pgsa","folded.exp",0.5428377323,"qid:1"
"385","tatc","folded.exp",0.6325439677,"qid:1"
"386","nhaa","folded.exp",0.8681825691,"qid:1"
"387","gltp","folded.exp",0.5175359736,"qid:1"
"388","shia","folded.exp",0.1459323659,"qid:1"
"389","secy","folded.exp",0.7879325465,"qid:1"
"390","yifk","folded.exp",1.2395306035,"qid:1"
"391","ampg","folded.exp",1.7031406065,"qid:1"
"392","ychm","folded.exp",0.8408362238,"qid:1"
"393","yjiy","folded.exp",0.7692756941,"qid:1"
"394","ycis","folded.exp",1.5897740838,"qid:1"
"395","yijd","folded.exp",0.4354869428,"qid:1"
"396","yfdg","folded.exp",2.2302731313,"qid:1"
"397","yhah","folded.exp",2.1162872338,"qid:1"
"398","yban","folded.exp",1.2288741506,"qid:1"
"399","ygdd","folded.exp",0.5776504894,"qid:1"
"400","mscl","folded.exp",1.0147306482,"qid:1"
"401","ybhq","folded.exp",1.8734157168,"qid:1"
"402","ydgk","folded.exp",0.9203261944,"qid:1"
"403","yfez","folded.exp",0.8218084702,"qid:1"
"404","ycdz","folded.exp",1.5557235739,"qid:1"
"405","lspa","folded.exp",2.1844782063,"qid:1"
"406","dsbb","folded.exp",1.2469349605,"qid:1"
"407","cybb","folded.exp",0.958136084,"qid:1"
"408","yaah","folded.exp",0.6202838554,"qid:1"
"409","btuc","folded.exp",0.6663099715,"qid:1"
"410","yhfc","folded.exp",1.9206071132,"qid:1"
"411","ycca","folded.exp",0.3998584766,"qid:1"
"412","yfbv","folded.exp",1.4662281942,"qid:1"
"413","emrb","folded.exp",1.5596821832,"qid:1"
"414","fdoi","folded.exp",2.1309921701,"qid:1"
"415","cydb","folded.exp",1.8233801856,"qid:1"
"416","yged","folded.exp",1.4376250306,"qid:1"
"417","csta","folded.exp",1.3201364404,"qid:1"
"418","ydik","folded.exp",0.5073614058,"qid:1"
"419","mrdb","folded.exp",0.5779867652,"qid:1"
"420","ycad","folded.exp",2.6117322529,"qid:1"
"421","ydhp","folded.exp",1.8391108683,"qid:1"
"422","emrd","folded.exp",1.5274537088,"qid:1"
"423","bcr","folded.exp",1.6727150225,"qid:1"
"424","hemy","folded.exp",1.4746905368,"qid:1"
"425","yede","folded.exp",1.1653590247,"qid:1"
"426","ybjj","folded.exp",1.8819159937,"qid:1"
"427","ydhc","folded.exp",2.1602561103,"qid:1"
"428","cmr","folded.exp",2.5764181365,"qid:1"
"429","ygju","folded.exp",1.1957244259,"qid:1"
"430","ftsw","folded.exp",0.7709026752,"qid:1"
"431","rfbx","folded.exp",0.6983452617,"qid:1"
"432","wzxe","folded.exp",1.1282605311,"qid:1"
"433","nupg","folded.exp",0.5860988641,"qid:1"
"434","codb","folded.exp",2.7915186835,"qid:1"
"435","rfal","folded.exp",0.9094338581,"qid:1"
"436","dcta","folded.exp",0.2461537821,"qid:1"
"437","yjdf","folded.exp",0.5489234579,"qid:1"
"438","deda","folded.exp",1.5120725699,"qid:1"
"439","yhhq","folded.exp",1.922234176,"qid:1"
"440","gltk","folded.exp",1.1665546592,"qid:1"
"441","ydgq","folded.exp",1.487022753,"qid:1"
"442","yeiu","folded.exp",1.782022463,"qid:1"
"443","artq","folded.exp",0.6537577148,"qid:1"
"444","ccmc","folded.exp",1.6144548765,"qid:1"
"445","ycic","folded.exp",1.2192904437,"qid:1"
"446","pgpb","folded.exp",1.9813104254,"qid:1"
"447","yadh","folded.exp",0.9638384371,"qid:1"
"448","potb","folded.exp",0.4871516948,"qid:1"
"449","foca","folded.exp",0.4118873417,"qid:1"
"451","ybif","folded.exp",2.7912594757,"qid:1"
"452","rard","folded.exp",3.1799623028,"qid:1"
"453","dppc","folded.exp",1.9432505135,"qid:1"
"454","oppc","folded.exp",1.61495712,"qid:1"
"455","pstc","folded.exp",1.2621743611,"qid:1"
"456","rbsc","folded.exp",0.6150716038,"qid:1"
"457","teha","folded.exp",0.9127190751,"qid:1"
"459","yjgq","folded.exp",1.1366783663,"qid:1"
"460","bass","folded.exp",1.3325971211,"qid:1"
"921","glpt","folded.exp.1",1.158685611,"qid:2"
"922","yicl","folded.exp.1",1.0443905227,"qid:2"
"923","sbma","folded.exp.1",1.129914595,"qid:2"
"925","yqjf","folded.exp.1",0.8321582927,"qid:2"
"926","rstb","folded.exp.1",0.2623494334,"qid:2"
"927","yhje","folded.exp.1",1.2084190558,"qid:2"
"928","yeef","folded.exp.1",2.4090547144,"qid:2"
"929","proy","folded.exp.1",1.5597544753,"qid:2"
"930","arop","folded.exp.1",0.5572642423,"qid:2"
"931","phep","folded.exp.1",2.6264126416,"qid:2"
"932","cyca","folded.exp.1",1.6305242802,"qid:2"
"933","brnq","folded.exp.1",1.0006499646,"qid:2"
"934","atpi","folded.exp.1",1.5861092517,"qid:2"
"935","mred","folded.exp.1",0.6149254651,"qid:2"
"936","pgsa","folded.exp.1",0.706994289,"qid:2"
"937","tatc","folded.exp.1",0.9439428996,"qid:2"
"938","nhaa","folded.exp.1",1.0370372604,"qid:2"
"939","gltp","folded.exp.1",0.5803955939,"qid:2"
"940","shia","folded.exp.1",0.0857963306,"qid:2"
"941","secy","folded.exp.1",0.2942192016,"qid:2"
"942","yifk","folded.exp.1",1.6833211716,"qid:2"
"943","ampg","folded.exp.1",2.0206326614,"qid:2"
"944","ychm","folded.exp.1",0.769469362,"qid:2"
"945","yjiy","folded.exp.1",1.6767739957,"qid:2"
"946","ycis","folded.exp.1",2.3847365941,"qid:2"
"947","yijd","folded.exp.1",1.1738769865,"qid:2"
"948","yfdg","folded.exp.1",2.7332624864,"qid:2"
"949","yhah","folded.exp.1",2.8939929306,"qid:2"
"950","yban","folded.exp.1",1.2902895032,"qid:2"
"951","ygdd","folded.exp.1",0.7994320127,"qid:2"
"952","mscl","folded.exp.1",0.6357041237,"qid:2"
"953","ybhq","folded.exp.1",2.1323352266,"qid:2"
"954","ydgk","folded.exp.1",0.21930809,"qid:2"
"955","yfez","folded.exp.1",0.5318543944,"qid:2"
"956","ycdz","folded.exp.1",0.8291761904,"qid:2"
"957","lspa","folded.exp.1",2.5822117326,"qid:2"
"958","dsbb","folded.exp.1",1.6589154078,"qid:2"
"959","cybb","folded.exp.1",2.1126021983,"qid:2"
"960","yaah","folded.exp.1",0.1337233055,"qid:2"
"961","btuc","folded.exp.1",0.5647304435,"qid:2"
"962","yhfc","folded.exp.1",1.364021228,"qid:2"
"965","emrb","folded.exp.1",0.5827929218,"qid:2"
"966","fdoi","folded.exp.1",2.344798282,"qid:2"
"967","cydb","folded.exp.1",2.1253667748,"qid:2"
"968","yged","folded.exp.1",1.3121645019,"qid:2"
"969","csta","folded.exp.1",1.3069414648,"qid:2"
"970","ydik","folded.exp.1",0.3093510455,"qid:2"
"971","mrdb","folded.exp.1",0.909898928,"qid:2"
"972","ycad","folded.exp.1",1.6906973354,"qid:2"
"973","ydhp","folded.exp.1",2.0884853592,"qid:2"
"974","emrd","folded.exp.1",1.0009792629,"qid:2"
"975","bcr","folded.exp.1",1.3246442582,"qid:2"
"976","hemy","folded.exp.1",0.9579432971,"qid:2"
"977","yede","folded.exp.1",0.6493565433,"qid:2"
"978","ybjj","folded.exp.1",1.3185396648,"qid:2"
"979","ydhc","folded.exp.1",2.5908889298,"qid:2"
"980","cmr","folded.exp.1",2.7924241255,"qid:2"
"981","ygju","folded.exp.1",0.9289801829,"qid:2"
"982","ftsw","folded.exp.1",0.2870871441,"qid:2"
"983","rfbx","folded.exp.1",0.2238485537,"qid:2"
"984","wzxe","folded.exp.1",0.9734391352,"qid:2"
"985","nupg","folded.exp.1",0.3918602972,"qid:2"
"986","codb","folded.exp.1",3.1672097224,"qid:2"
"987","rfal","folded.exp.1",0.7605153984,"qid:2"
"989","yjdf","folded.exp.1",0.9004075482,"qid:2"
"990","deda","folded.exp.1",2.5743327822,"qid:2"
"991","yhhq","folded.exp.1",3.3491899685,"qid:2"
"992","gltk","folded.exp.1",0.7553078047,"qid:2"
"993","ydgq","folded.exp.1",0.2754780959,"qid:2"
"994","yeiu","folded.exp.1",3.1967401568,"qid:2"
"995","artq","folded.exp.1",1.0436359706,"qid:2"
"996","ccmc","folded.exp.1",1.7017404462,"qid:2"
"997","ycic","folded.exp.1",2.77545458,"qid:2"
"998","pgpb","folded.exp.1",3.160756343,"qid:2"
"999","yadh","folded.exp.1",0.9751025654,"qid:2"
"1000","potb","folded.exp.1",0.118458064,"qid:2"
"1001","foca","folded.exp.1",0.420541786,"qid:2"
"1002","htpx","folded.exp.1",0.0900708864,"qid:2"
"1003","ybif","folded.exp.1",3.5711038909,"qid:2"
"1004","rard","folded.exp.1",2.9978053939,"qid:2"
"1005","dppc","folded.exp.1",0.8246884106,"qid:2"
"1006","oppc","folded.exp.1",1.3960517591,"qid:2"
"1008","rbsc","folded.exp.1",0.382365421,"qid:2"
"1009","teha","folded.exp.1",0.6357502757,"qid:2"
"1010","yeea","folded.exp.1",0.2428476706,"qid:2"
"1011","yjgq","folded.exp.1",0.7032152463,"qid:2"
"1012","bass","folded.exp.1",0.90520613,"qid:2"
"1473","glpt","folded.exp.2",1.3004649295,"qid:3"
"1474","yicl","folded.exp.2",0.8886907036,"qid:3"
"1475","sbma","folded.exp.2",1.3446238327,"qid:3"
"1476","nirc","folded.exp.2",0.3658066014,"qid:3"
"1477","yqjf","folded.exp.2",0.7892118424,"qid:3"
"1478","rstb","folded.exp.2",0.5752024558,"qid:3"
"1480","yeef","folded.exp.2",2.4667599987,"qid:3"
"1481","proy","folded.exp.2",2.1835258063,"qid:3"
"1482","arop","folded.exp.2",0.5505555979,"qid:3"
"1483","phep","folded.exp.2",3.26012861,"qid:3"
"1484","cyca","folded.exp.2",2.2438606923,"qid:3"
"1485","brnq","folded.exp.2",1.104621361,"qid:3"
"1486","atpi","folded.exp.2",1.3846679362,"qid:3"
"1487","mred","folded.exp.2",0.4004344481,"qid:3"
"1488","pgsa","folded.exp.2",0.5022901155,"qid:3"
"1489","tatc","folded.exp.2",0.9384579773,"qid:3"
"1490","nhaa","folded.exp.2",1.3781115995,"qid:3"
"1491","gltp","folded.exp.2",0.5793489182,"qid:3"
"1492","shia","folded.exp.2",0.1331525528,"qid:3"
"1493","secy","folded.exp.2",0.3023643748,"qid:3"
"1494","yifk","folded.exp.2",2.1744453442,"qid:3"
"1495","ampg","folded.exp.2",2.5178143847,"qid:3"
"1496","ychm","folded.exp.2",1.139647215,"qid:3"
"1497","yjiy","folded.exp.2",2.0030188489,"qid:3"
"1498","ycis","folded.exp.2",1.9929906837,"qid:3"
"1499","yijd","folded.exp.2",1.1101653579,"qid:3"
"1500","yfdg","folded.exp.2",2.4445313714,"qid:3"
"1501","yhah","folded.exp.2",3.1403555872,"qid:3"
"1502","yban","folded.exp.2",1.1018102215,"qid:3"
"1503","ygdd","folded.exp.2",0.5941836903,"qid:3"
"1504","mscl","folded.exp.2",0.5758669618,"qid:3"
"1505","ybhq","folded.exp.2",1.9405677421,"qid:3"
"1506","ydgk","folded.exp.2",0.2579083793,"qid:3"
"1507","yfez","folded.exp.2",0.6797035211,"qid:3"
"1508","ycdz","folded.exp.2",0.9129312316,"qid:3"
"1509","lspa","folded.exp.2",2.211222709,"qid:3"
"1510","dsbb","folded.exp.2",1.7315145786,"qid:3"
"1511","cybb","folded.exp.2",2.303817243,"qid:3"
"1512","yaah","folded.exp.2",0.1155683974,"qid:3"
"1513","btuc","folded.exp.2",0.7552833243,"qid:3"
"1514","yhfc","folded.exp.2",1.4940887683,"qid:3"
"1517","emrb","folded.exp.2",0.5765088508,"qid:3"
"1518","fdoi","folded.exp.2",2.003015093,"qid:3"
"1519","cydb","folded.exp.2",1.8855230699,"qid:3"
"1520","yged","folded.exp.2",1.4955407439,"qid:3"
"1521","csta","folded.exp.2",1.312068035,"qid:3"
"1522","ydik","folded.exp.2",0.3224380473,"qid:3"
"1523","mrdb","folded.exp.2",0.4405802087,"qid:3"
"1524","ycad","folded.exp.2",2.1761638495,"qid:3"
"1525","ydhp","folded.exp.2",2.1433842411,"qid:3"
"1526","emrd","folded.exp.2",1,"qid:3"
"1527","bcr","folded.exp.2",1.4924465745,"qid:3"
"1528","hemy","folded.exp.2",0.8593565302,"qid:3"
"1529","yede","folded.exp.2",0.5300300892,"qid:3"
"1530","ybjj","folded.exp.2",1.6509845688,"qid:3"
"1531","ydhc","folded.exp.2",2.3426635513,"qid:3"
"1532","cmr","folded.exp.2",2.6562839444,"qid:3"
"1533","ygju","folded.exp.2",0.8245599487,"qid:3"
"1535","rfbx","folded.exp.2",0.3567732638,"qid:3"
"1536","wzxe","folded.exp.2",0.9256501502,"qid:3"
"1537","nupg","folded.exp.2",0.7479221911,"qid:3"
"1538","codb","folded.exp.2",3.7099255915,"qid:3"
"1539","rfal","folded.exp.2",0.9811637219,"qid:3"
"1540","dcta","folded.exp.2",0.2729163738,"qid:3"
"1541","yjdf","folded.exp.2",0.5422382919,"qid:3"
"1542","deda","folded.exp.2",2.7316780964,"qid:3"
"1543","yhhq","folded.exp.2",3.0366973156,"qid:3"
"1544","gltk","folded.exp.2",0.7036033677,"qid:3"
"1545","ydgq","folded.exp.2",0.2099811835,"qid:3"
"1546","yeiu","folded.exp.2",2.821673109,"qid:3"
"1547","artq","folded.exp.2",0.9442222969,"qid:3"
"1548","ccmc","folded.exp.2",1.6930253136,"qid:3"
"1549","ycic","folded.exp.2",1.858964962,"qid:3"
"1550","pgpb","folded.exp.2",2.8104181797,"qid:3"
"1551","yadh","folded.exp.2",0.9473825435,"qid:3"
"1552","potb","folded.exp.2",0.179987333,"qid:3"
"1553","foca","folded.exp.2",0.3483565357,"qid:3"
"1554","htpx","folded.exp.2",0.086994474,"qid:3"
"1555","ybif","folded.exp.2",2.9860891807,"qid:3"
"1556","rard","folded.exp.2",2.3322475757,"qid:3"
"1557","dppc","folded.exp.2",0.6671712255,"qid:3"
"1558","oppc","folded.exp.2",0.9649060947,"qid:3"
"1559","pstc","folded.exp.2",0.1783481597,"qid:3"
"1560","rbsc","folded.exp.2",0.4220041783,"qid:3"
"1561","teha","folded.exp.2",0.7395973356,"qid:3"
"1562","yeea","folded.exp.2",0.2004915256,"qid:3"
"1563","yjgq","folded.exp.2",0.6150098455,"qid:3"
"1564","bass","folded.exp.2",1.3020693679,"qid:3"
"1","phor","Fri_in|Val1",6405,"qid:4"
"2","ybby","Fri_in|Val1",5097,"qid:4"
"3","rstb","Fri_in|Val1",3729,"qid:4"
"4","ynfj","Fri_in|Val1",1212,"qid:4"
"5","brnq","Fri_in|Val1",4188,"qid:4"
"6","uhpc","Fri_in|Val1",4574,"qid:4"
"7","pote","Fri_in|Val1",8550,"qid:4"
"8","yhje","Fri_in|Val1",7552,"qid:4"
"9","ycdq","Fri_in|Val1",4323,"qid:4"
"10","ygcs","Fri_in|Val1",7765,"qid:4"
"11","yjde","Fri_in|Val1",4092,"qid:4"
"12","ygiy","Fri_in|Val1",8630,"qid:4"
"13","ygcz","Fri_in|Val1",12035,"qid:4"
"14","envz","Fri_in|Val1",1827,"qid:4"
"15","yeef","Fri_in|Val1",11717,"qid:4"
"16","yedv","Fri_in|Val1",9523,"qid:4"
"17","chbc","Fri_in|Val1",10077,"qid:4"
"18","glpt","Fri_in|Val1",6758,"qid:4"
"19","ydje","Fri_in|Val1",4516,"qid:4"
"21","yajr","Fri_in|Val1",8099,"qid:4"
"22","proy","Fri_in|Val1",6125,"qid:4"
"23","uidb","Fri_in|Val1",4043,"qid:4"
"24","arop","Fri_in|Val1",4503,"qid:4"
"25","norm","Fri_in|Val1",9885,"qid:4"
"26","phep","Fri_in|Val1",11513,"qid:4"
"27","ydjk","Fri_in|Val1",10648,"qid:4"
"28","yicj","Fri_in|Val1",10054,"qid:4"
"29","pntb","Fri_in|Val1",3193,"qid:4"
"30","ydjn","Fri_in|Val1",2471,"qid:4"
"31","nark","Fri_in|Val1",1844,"qid:4"
"32","uhpt","Fri_in|Val1",14037,"qid:4"
"33","wcaj","Fri_in|Val1",2022,"qid:4"
"34","hydh","Fri_in|Val1",836,"qid:4"
"35","gabp","Fri_in|Val1",7409,"qid:4"
"36","melb","Fri_in|Val1",6532,"qid:4"
"37","cyca","Fri_in|Val1",7677,"qid:4"
"38","yegb","Fri_in|Val1",8723,"qid:4"
"39","exut","Fri_in|Val1",11612,"qid:4"
"40","yfev","Fri_in|Val1",10577,"qid:4"
"41","crec","Fri_in|Val1",7930,"qid:4"
"42","yieo","Fri_in|Val1",3172,"qid:4"
"43","ycam","Fri_in|Val1",10014,"qid:4"
"44","ygji","Fri_in|Val1",7569,"qid:4"
"45","ybcz","Fri_in|Val1",6561,"qid:4"
"46","ygfu","Fri_in|Val1",1469,"qid:4"
"47","ybbw","Fri_in|Val1",8744,"qid:4"
"48","yjdl","Fri_in|Val1",6332,"qid:4"
"49","trkg","Fri_in|Val1",1452,"qid:4"
"50","yhip","Fri_in|Val1",7309,"qid:4"
"51","lysp","Fri_in|Val1",3013,"qid:4"
"52","yeai","Fri_in|Val1",5725,"qid:4"
"53","wzxc","Fri_in|Val1",5594,"qid:4"
"54","ybgh","Fri_in|Val1",7702,"qid:4"
"55","nant","Fri_in|Val1",7074,"qid:4"
"56","prop","Fri_in|Val1",5687,"qid:4"
"598","pitb","Fri_in|Val1",360,"qid:4"
"708","phor","Fri_in|Val2",2165,"qid:5"
"709","ybby","Fri_in|Val2",5710,"qid:5"
"710","rstb","Fri_in|Val2",3340,"qid:5"
"711","ynfj","Fri_in|Val2",1827,"qid:5"
"712","brnq","Fri_in|Val2",5003,"qid:5"
"713","uhpc","Fri_in|Val2",6129,"qid:5"
"714","pote","Fri_in|Val2",7920,"qid:5"
"715","yhje","Fri_in|Val2",8819,"qid:5"
"716","ycdq","Fri_in|Val2",4909,"qid:5"
"717","ygcs","Fri_in|Val2",8418,"qid:5"
"718","yjde","Fri_in|Val2",2836,"qid:5"
"719","ygiy","Fri_in|Val2",10353,"qid:5"
"720","ygcz","Fri_in|Val2",13927,"qid:5"
"721","envz","Fri_in|Val2",1538,"qid:5"
"722","yeef","Fri_in|Val2",10822,"qid:5"
"723","yedv","Fri_in|Val2",10256,"qid:5"
"724","chbc","Fri_in|Val2",9861,"qid:5"
"725","glpt","Fri_in|Val2",10512,"qid:5"
"726","ydje","Fri_in|Val2",3891,"qid:5"
"728","yajr","Fri_in|Val2",8698,"qid:5"
"729","proy","Fri_in|Val2",9133,"qid:5"
"730","uidb","Fri_in|Val2",5235,"qid:5"
"731","arop","Fri_in|Val2",3312,"qid:5"
"732","norm","Fri_in|Val2",10310,"qid:5"
"733","phep","Fri_in|Val2",12709,"qid:5"
"734","ydjk","Fri_in|Val2",9993,"qid:5"
"735","yicj","Fri_in|Val2",11732,"qid:5"
"736","pntb","Fri_in|Val2",4430,"qid:5"
"737","ydjn","Fri_in|Val2",3045,"qid:5"
"738","nark","Fri_in|Val2",1342,"qid:5"
"739","uhpt","Fri_in|Val2",12848,"qid:5"
"740","wcaj","Fri_in|Val2",2907,"qid:5"
"741","hydh","Fri_in|Val2",741,"qid:5"
"742","gabp","Fri_in|Val2",6730,"qid:5"
"743","melb","Fri_in|Val2",5760,"qid:5"
"744","cyca","Fri_in|Val2",9323,"qid:5"
"745","yegb","Fri_in|Val2",8576,"qid:5"
"746","exut","Fri_in|Val2",11858,"qid:5"
"747","yfev","Fri_in|Val2",11375,"qid:5"
"748","crec","Fri_in|Val2",8332,"qid:5"
"749","yieo","Fri_in|Val2",2404,"qid:5"
"750","ycam","Fri_in|Val2",10598,"qid:5"
"751","ygji","Fri_in|Val2",9176,"qid:5"
"752","ybcz","Fri_in|Val2",6299,"qid:5"
"753","ygfu","Fri_in|Val2",1816,"qid:5"
"754","ybbw","Fri_in|Val2",11134,"qid:5"
"755","yjdl","Fri_in|Val2",6157,"qid:5"
"756","trkg","Fri_in|Val2",1752,"qid:5"
"757","yhip","Fri_in|Val2",8062,"qid:5"
"758","lysp","Fri_in|Val2",2698,"qid:5"
"759","yeai","Fri_in|Val2",5262,"qid:5"
"760","wzxc","Fri_in|Val2",6880,"qid:5"
"761","ybgh","Fri_in|Val2",9130,"qid:5"
"762","nant","Fri_in|Val2",7913,"qid:5"
"763","prop","Fri_in|Val2",4345,"qid:5"
"1305","pitb","Fri_in|Val2",397,"qid:5"
"2122","phor","Fri_in|Val4",6480,"qid:6"
"2123","ybby","Fri_in|Val4",7038,"qid:6"
"2124","rstb","Fri_in|Val4",3293,"qid:6"
"2125","ynfj","Fri_in|Val4",1380,"qid:6"
"2126","brnq","Fri_in|Val4",6269,"qid:6"
"2127","uhpc","Fri_in|Val4",5731,"qid:6"
"2128","pote","Fri_in|Val4",8422,"qid:6"
"2129","yhje","Fri_in|Val4",1301,"qid:6"
"2130","ycdq","Fri_in|Val4",4330,"qid:6"
"2131","ygcs","Fri_in|Val4",9866,"qid:6"
"2132","yjde","Fri_in|Val4",3086,"qid:6"
"2133","ygiy","Fri_in|Val4",8833,"qid:6"
"2134","ygcz","Fri_in|Val4",13533,"qid:6"
"2135","envz","Fri_in|Val4",1258,"qid:6"
"2136","yeef","Fri_in|Val4",12769,"qid:6"
"2137","yedv","Fri_in|Val4",9889,"qid:6"
"2138","chbc","Fri_in|Val4",11204,"qid:6"
"2139","glpt","Fri_in|Val4",8382,"qid:6"
"2140","ydje","Fri_in|Val4",5056,"qid:6"
"2142","yajr","Fri_in|Val4",10114,"qid:6"
"2143","proy","Fri_in|Val4",10739,"qid:6"
"2144","uidb","Fri_in|Val4",5711,"qid:6"
"2145","arop","Fri_in|Val4",3951,"qid:6"
"2146","norm","Fri_in|Val4",9317,"qid:6"
"2147","phep","Fri_in|Val4",13790,"qid:6"
"2148","ydjk","Fri_in|Val4",8561,"qid:6"
"2149","yicj","Fri_in|Val4",11016,"qid:6"
"2150","pntb","Fri_in|Val4",3326,"qid:6"
"2151","ydjn","Fri_in|Val4",3205,"qid:6"
"2152","nark","Fri_in|Val4",1920,"qid:6"
"2153","uhpt","Fri_in|Val4",13425,"qid:6"
"2154","wcaj","Fri_in|Val4",1609,"qid:6"
"2155","hydh","Fri_in|Val4",821,"qid:6"
"2156","gabp","Fri_in|Val4",7042,"qid:6"
"2157","melb","Fri_in|Val4",5260,"qid:6"
"2158","cyca","Fri_in|Val4",2984,"qid:6"
"2159","yegb","Fri_in|Val4",10165,"qid:6"
"2160","exut","Fri_in|Val4",13316,"qid:6"
"2161","yfev","Fri_in|Val4",12886,"qid:6"
"2162","crec","Fri_in|Val4",8252,"qid:6"
"2163","yieo","Fri_in|Val4",3236,"qid:6"
"2164","ycam","Fri_in|Val4",11829,"qid:6"
"2165","ygji","Fri_in|Val4",8804,"qid:6"
"2166","ybcz","Fri_in|Val4",6465,"qid:6"
"2167","ygfu","Fri_in|Val4",2000,"qid:6"
"2168","ybbw","Fri_in|Val4",10580,"qid:6"
"2169","yjdl","Fri_in|Val4",6154,"qid:6"
"2170","trkg","Fri_in|Val4",1815,"qid:6"
"2171","yhip","Fri_in|Val4",8441,"qid:6"
"2172","lysp","Fri_in|Val4",3740,"qid:6"
"2173","yeai","Fri_in|Val4",7489,"qid:6"
"2174","wzxc","Fri_in|Val4",7143,"qid:6"
"2175","ybgh","Fri_in|Val4",9742,"qid:6"
"2176","nant","Fri_in|Val4",9084,"qid:6"
"2177","prop","Fri_in|Val4",6187,"qid:6"
"2719","pitb","Fri_in|Val4",491,"qid:6"
"20","yjjl","Fri_out|Val1",229,"qid:7"
"585","dcua","Fri_out|Val1",296,"qid:7"
"586","idnt","Fri_out|Val1",428,"qid:7"
"587","atoe","Fri_out|Val1",470,"qid:7"
"588","yico","Fri_out|Val1",577,"qid:7"
"589","dsdx","Fri_out|Val1",949,"qid:7"
"590","gntu","Fri_out|Val1",656,"qid:7"
"591","dcub","Fri_out|Val1",563,"qid:7"
"592","gntp","Fri_out|Val1",741,"qid:7"
"593","ygfq","Fri_out|Val1",13,"qid:7"
"594","yhcl","Fri_out|Val1",172,"qid:7"
"595","ydgi","Fri_out|Val1",1224,"qid:7"
"596","ygje","Fri_out|Val1",278,"qid:7"
"597","dipz","Fri_out|Val1",131,"qid:7"
"727","yjjl","Fri_out|Val2",217,"qid:8"
"1292","dcua","Fri_out|Val2",208,"qid:8"
"1293","idnt","Fri_out|Val2",320,"qid:8"
"1294","atoe","Fri_out|Val2",360,"qid:8"
"1295","yico","Fri_out|Val2",482,"qid:8"
"1296","dsdx","Fri_out|Val2",785,"qid:8"
"1297","gntu","Fri_out|Val2",791,"qid:8"
"1298","dcub","Fri_out|Val2",413,"qid:8"
"1299","gntp","Fri_out|Val2",656,"qid:8"
"1300","ygfq","Fri_out|Val2",18,"qid:8"
"1301","yhcl","Fri_out|Val2",166,"qid:8"
"1302","ydgi","Fri_out|Val2",855,"qid:8"
"1303","ygje","Fri_out|Val2",282,"qid:8"
"1304","dipz","Fri_out|Val2",160,"qid:8"
"2141","yjjl","Fri_out|Val4",337,"qid:9"
"2706","dcua","Fri_out|Val4",295,"qid:9"
"2707","idnt","Fri_out|Val4",401,"qid:9"
"2708","atoe","Fri_out|Val4",729,"qid:9"
"2709","yico","Fri_out|Val4",657,"qid:9"
"2710","dsdx","Fri_out|Val4",1480,"qid:9"
"2711","gntu","Fri_out|Val4",723,"qid:9"
"2712","dcub","Fri_out|Val4",687,"qid:9"
"2713","gntp","Fri_out|Val4",1107,"qid:9"
"2714","ygfq","Fri_out|Val4",32,"qid:9"
"2715","yhcl","Fri_out|Val4",184,"qid:9"
"2716","ydgi","Fri_out|Val4",1640,"qid:9"
"2717","ygje","Fri_out|Val4",358,"qid:9"
"2718","dipz","Fri_out|Val4",172,"qid:9"
"57","yiab","GHD_in|Val1",3614,"qid:10"
"58","atpi","GHD_in|Val1",5126,"qid:10"
"59","yigg","GHD_in|Val1",1692,"qid:10"
"60","ypha","GHD_in|Val1",3619,"qid:10"
"61","fxsa","GHD_in|Val1",3221,"qid:10"
"62","mred","GHD_in|Val1",3052,"qid:10"
"63","yahc","GHD_in|Val1",2552,"qid:10"
"64","ygap","GHD_in|Val1",7726,"qid:10"
"65","pgsa","GHD_in|Val1",2995,"qid:10"
"66","ygjv","GHD_in|Val1",2829,"qid:10"
"67","ynjf","GHD_in|Val1",2618,"qid:10"
"68","yedz","GHD_in|Val1",5609,"qid:10"
"69","yebe","GHD_in|Val1",6399,"qid:10"
"70","modb","GHD_in|Val1",3307,"qid:10"
"71","exbb","GHD_in|Val1",4909,"qid:10"
"72","tatc","GHD_in|Val1",2339,"qid:10"
"73","ybbm","GHD_in|Val1",2925,"qid:10"
"74","znub","GHD_in|Val1",2976,"qid:10"
"75","ycbm","GHD_in|Val1",4528,"qid:10"
"76","ycjp","GHD_in|Val1",2885,"qid:10"
"77","yddq","GHD_in|Val1",4778,"qid:10"
"78","yije","GHD_in|Val1",11711,"qid:10"
"79","secf","GHD_in|Val1",7153,"qid:10"
"80","arah","GHD_in|Val1",813,"qid:10"
"81","prow","GHD_in|Val1",3659,"qid:10"
"82","hyaa","GHD_in|Val1",6868,"qid:10"
"83","yhhj","GHD_in|Val1",2133,"qid:10"
"84","flhb","GHD_in|Val1",1909,"qid:10"
"85","nhaa","GHD_in|Val1",3692,"qid:10"
"86","ygay","GHD_in|Val1",196,"qid:10"
"87","yabm","GHD_in|Val1",5130,"qid:10"
"88","yhjx","GHD_in|Val1",7670,"qid:10"
"89","yhhs","GHD_in|Val1",5201,"qid:10"
"90","ybda","GHD_in|Val1",6607,"qid:10"
"91","xapb","GHD_in|Val1",6601,"qid:10"
"92","yjeh","GHD_in|Val1",3993,"qid:10"
"93","ydfj","GHD_in|Val1",2537,"qid:10"
"94","ybat","GHD_in|Val1",5497,"qid:10"
"95","gltp","GHD_in|Val1",2229,"qid:10"
"96","shia","GHD_in|Val1",411,"qid:10"
"97","ycdg","GHD_in|Val1",6643,"qid:10"
"98","ylif","GHD_in|Val1",702,"qid:10"
"99","secy","GHD_in|Val1",3944,"qid:10"
"100","ytfl","GHD_in|Val1",1987,"qid:10"
"101","cpxa","GHD_in|Val1",2003,"qid:10"
"102","yagg","GHD_in|Val1",366,"qid:10"
"103","yifk","GHD_in|Val1",4674,"qid:10"
"104","arae","GHD_in|Val1",5115,"qid:10"
"105","yadq","GHD_in|Val1",2118,"qid:10"
"106","yfhk","GHD_in|Val1",6273,"qid:10"
"107","panf","GHD_in|Val1",3257,"qid:10"
"108","ydgr","GHD_in|Val1",5747,"qid:10"
"109","yoae","GHD_in|Val1",8933,"qid:10"
"110","ylab","GHD_in|Val1",708,"qid:10"
"111","mdlb","GHD_in|Val1",7504,"qid:10"
"112","cyob","GHD_in|Val1",2555,"qid:10"
"113","wzc","GHD_in|Val1",2240,"qid:10"
"114","yego","GHD_in|Val1",1622,"qid:10"
"115","fucp","GHD_in|Val1",5039,"qid:10"
"116","ampg","GHD_in|Val1",5251,"qid:10"
"117","ychm","GHD_in|Val1",3031,"qid:10"
"118","yjiy","GHD_in|Val1",2992,"qid:10"
"764","yiab","GHD_in|Val2",3144,"qid:11"
"765","atpi","GHD_in|Val2",6927,"qid:11"
"766","yigg","GHD_in|Val2",2993,"qid:11"
"767","ypha","GHD_in|Val2",3045,"qid:11"
"768","fxsa","GHD_in|Val2",2753,"qid:11"
"769","mred","GHD_in|Val2",2487,"qid:11"
"770","yahc","GHD_in|Val2",830,"qid:11"
"771","ygap","GHD_in|Val2",4455,"qid:11"
"772","pgsa","GHD_in|Val2",1702,"qid:11"
"773","ygjv","GHD_in|Val2",2017,"qid:11"
"774","ynjf","GHD_in|Val2",1885,"qid:11"
"775","yedz","GHD_in|Val2",3430,"qid:11"
"776","yebe","GHD_in|Val2",4086,"qid:11"
"777","modb","GHD_in|Val2",787,"qid:11"
"778","exbb","GHD_in|Val2",2704,"qid:11"
"779","tatc","GHD_in|Val2",792,"qid:11"
"780","ybbm","GHD_in|Val2",622,"qid:11"
"781","znub","GHD_in|Val2",2400,"qid:11"
"782","ycbm","GHD_in|Val2",4419,"qid:11"
"783","ycjp","GHD_in|Val2",2722,"qid:11"
"784","yddq","GHD_in|Val2",2787,"qid:11"
"785","yije","GHD_in|Val2",5886,"qid:11"
"786","secf","GHD_in|Val2",4864,"qid:11"
"787","arah","GHD_in|Val2",699,"qid:11"
"788","prow","GHD_in|Val2",1099,"qid:11"
"789","hyaa","GHD_in|Val2",6801,"qid:11"
"790","yhhj","GHD_in|Val2",665,"qid:11"
"791","flhb","GHD_in|Val2",1624,"qid:11"
"792","nhaa","GHD_in|Val2",3095,"qid:11"
"793","ygay","GHD_in|Val2",77,"qid:11"
"794","yabm","GHD_in|Val2",3386,"qid:11"
"795","yhjx","GHD_in|Val2",3701,"qid:11"
"796","yhhs","GHD_in|Val2",1729,"qid:11"
"797","ybda","GHD_in|Val2",3890,"qid:11"
"798","xapb","GHD_in|Val2",4814,"qid:11"
"799","yjeh","GHD_in|Val2",4869,"qid:11"
"800","ydfj","GHD_in|Val2",1682,"qid:11"
"801","ybat","GHD_in|Val2",5821,"qid:11"
"802","gltp","GHD_in|Val2",1122,"qid:11"
"803","shia","GHD_in|Val2",774,"qid:11"
"804","ycdg","GHD_in|Val2",4264,"qid:11"
"805","ylif","GHD_in|Val2",615,"qid:11"
"806","secy","GHD_in|Val2",2825,"qid:11"
"807","ytfl","GHD_in|Val2",1582,"qid:11"
"808","cpxa","GHD_in|Val2",1321,"qid:11"
"809","yagg","GHD_in|Val2",301,"qid:11"
"810","yifk","GHD_in|Val2",2245,"qid:11"
"811","arae","GHD_in|Val2",1465,"qid:11"
"812","yadq","GHD_in|Val2",1539,"qid:11"
"813","yfhk","GHD_in|Val2",3908,"qid:11"
"814","panf","GHD_in|Val2",5648,"qid:11"
"815","ydgr","GHD_in|Val2",3106,"qid:11"
"816","yoae","GHD_in|Val2",8935,"qid:11"
"817","ylab","GHD_in|Val2",490,"qid:11"
"818","mdlb","GHD_in|Val2",2810,"qid:11"
"819","cyob","GHD_in|Val2",1002,"qid:11"
"820","wzc","GHD_in|Val2",2050,"qid:11"
"821","yego","GHD_in|Val2",647,"qid:11"
"822","fucp","GHD_in|Val2",2662,"qid:11"
"823","ampg","GHD_in|Val2",2828,"qid:11"
"824","ychm","GHD_in|Val2",1693,"qid:11"
"825","yjiy","GHD_in|Val2",1201,"qid:11"
"2178","yiab","GHD_in|Val4",3127,"qid:12"
"2179","atpi","GHD_in|Val4",4573,"qid:12"
"2180","yigg","GHD_in|Val4",3292,"qid:12"
"2181","ypha","GHD_in|Val4",3588,"qid:12"
"2182","fxsa","GHD_in|Val4",2703,"qid:12"
"2183","mred","GHD_in|Val4",2756,"qid:12"
"2184","yahc","GHD_in|Val4",1921,"qid:12"
"2185","ygap","GHD_in|Val4",3748,"qid:12"
"2186","pgsa","GHD_in|Val4",2030,"qid:12"
"2187","ygjv","GHD_in|Val4",2243,"qid:12"
"2188","ynjf","GHD_in|Val4",2362,"qid:12"
"2189","yedz","GHD_in|Val4",4673,"qid:12"
"2190","yebe","GHD_in|Val4",4967,"qid:12"
"2191","modb","GHD_in|Val4",3156,"qid:12"
"2192","exbb","GHD_in|Val4",4315,"qid:12"
"2193","tatc","GHD_in|Val4",3244,"qid:12"
"2194","ybbm","GHD_in|Val4",1344,"qid:12"
"2195","znub","GHD_in|Val4",2786,"qid:12"
"2196","ycbm","GHD_in|Val4",3708,"qid:12"
"2197","ycjp","GHD_in|Val4",2254,"qid:12"
"2198","yddq","GHD_in|Val4",2367,"qid:12"
"2199","yije","GHD_in|Val4",10105,"qid:12"
"2200","secf","GHD_in|Val4",6092,"qid:12"
"2201","arah","GHD_in|Val4",216,"qid:12"
"2202","prow","GHD_in|Val4",3195,"qid:12"
"2203","hyaa","GHD_in|Val4",6555,"qid:12"
"2204","yhhj","GHD_in|Val4",1026,"qid:12"
"2205","flhb","GHD_in|Val4",2085,"qid:12"
"2206","nhaa","GHD_in|Val4",3435,"qid:12"
"2207","ygay","GHD_in|Val4",140,"qid:12"
"2208","yabm","GHD_in|Val4",4588,"qid:12"
"2209","yhjx","GHD_in|Val4",3779,"qid:12"
"2210","yhhs","GHD_in|Val4",4406,"qid:12"
"2211","ybda","GHD_in|Val4",4256,"qid:12"
"2212","xapb","GHD_in|Val4",6835,"qid:12"
"2213","yjeh","GHD_in|Val4",3932,"qid:12"
"2214","ydfj","GHD_in|Val4",4840,"qid:12"
"2215","ybat","GHD_in|Val4",4956,"qid:12"
"2216","gltp","GHD_in|Val4",1980,"qid:12"
"2217","shia","GHD_in|Val4",540,"qid:12"
"2218","ycdg","GHD_in|Val4",5036,"qid:12"
"2219","ylif","GHD_in|Val4",746,"qid:12"
"2220","secy","GHD_in|Val4",2661,"qid:12"
"2221","ytfl","GHD_in|Val4",1618,"qid:12"
"2222","cpxa","GHD_in|Val4",2759,"qid:12"
"2223","yagg","GHD_in|Val4",216,"qid:12"
"2224","yifk","GHD_in|Val4",5433,"qid:12"
"2225","arae","GHD_in|Val4",6611,"qid:12"
"2226","yadq","GHD_in|Val4",1620,"qid:12"
"2227","yfhk","GHD_in|Val4",4715,"qid:12"
"2228","panf","GHD_in|Val4",5521,"qid:12"
"2229","ydgr","GHD_in|Val4",3792,"qid:12"
"2230","yoae","GHD_in|Val4",7524,"qid:12"
"2231","ylab","GHD_in|Val4",1180,"qid:12"
"2232","mdlb","GHD_in|Val4",2239,"qid:12"
"2233","cyob","GHD_in|Val4",2164,"qid:12"
"2234","wzc","GHD_in|Val4",1895,"qid:12"
"2235","yego","GHD_in|Val4",762,"qid:12"
"2236","fucp","GHD_in|Val4",3544,"qid:12"
"2237","ampg","GHD_in|Val4",8558,"qid:12"
"2238","ychm","GHD_in|Val4",3512,"qid:12"
"2239","yjiy","GHD_in|Val4",2837,"qid:12"
"599","ynfa","GHD_out|Val1",318,"qid:13"
"600","ydge","GHD_out|Val1",611,"qid:13"
"601","yfbw","GHD_out|Val1",487,"qid:13"
"602","ydgl","GHD_out|Val1",524,"qid:13"
"603","marc","GHD_out|Val1",147,"qid:13"
"604","yohk","GHD_out|Val1",146,"qid:13"
"605","yrbg","GHD_out|Val1",268,"qid:13"
"606","chaa","GHD_out|Val1",558,"qid:13"
"607","tyrp","GHD_out|Val1",178,"qid:13"
"608","yeij","GHD_out|Val1",360,"qid:13"
"609","yhao","GHD_out|Val1",473,"qid:13"
"610","arsb","GHD_out|Val1",458,"qid:13"
"1306","ynfa","GHD_out|Val2",318,"qid:14"
"1307","ydge","GHD_out|Val2",611,"qid:14"
"1308","yfbw","GHD_out|Val2",487,"qid:14"
"1309","ydgl","GHD_out|Val2",524,"qid:14"
"1310","marc","GHD_out|Val2",147,"qid:14"
"1311","yohk","GHD_out|Val2",146,"qid:14"
"1312","yrbg","GHD_out|Val2",268,"qid:14"
"1313","chaa","GHD_out|Val2",558,"qid:14"
"1314","tyrp","GHD_out|Val2",178,"qid:14"
"1315","yeij","GHD_out|Val2",360,"qid:14"
"1316","yhao","GHD_out|Val2",473,"qid:14"
"1317","arsb","GHD_out|Val2",458,"qid:14"
"2720","ynfa","GHD_out|Val4",318,"qid:15"
"2721","ydge","GHD_out|Val4",611,"qid:15"
"2722","yfbw","GHD_out|Val4",487,"qid:15"
"2723","ydgl","GHD_out|Val4",524,"qid:15"
"2724","marc","GHD_out|Val4",147,"qid:15"
"2725","yohk","GHD_out|Val4",146,"qid:15"
"2726","yrbg","GHD_out|Val4",268,"qid:15"
"2727","chaa","GHD_out|Val4",558,"qid:15"
"2728","tyrp","GHD_out|Val4",178,"qid:15"
"2729","yeij","GHD_out|Val4",360,"qid:15"
"2730","yhao","GHD_out|Val4",473,"qid:15"
"2731","arsb","GHD_out|Val4",458,"qid:15"
"119","nuok","Mon_in|Val1",2586,"qid:16"
"120","yaiy","Mon_in|Val1",3415,"qid:16"
"121","ycis","Mon_in|Val1",4527,"qid:16"
"122","yjch","Mon_in|Val1",5298,"qid:16"
"123","yiaw","Mon_in|Val1",1278,"qid:16"
"124","yafu","Mon_in|Val1",7526,"qid:16"
"125","afub","Mon_in|Val1",562,"qid:16"
"126","yhai","Mon_in|Val1",7289,"qid:16"
"127","yijd","Mon_in|Val1",715,"qid:16"
"128","yibi","Mon_in|Val1",2230,"qid:16"
"129","yfdg","Mon_in|Val1",8005,"qid:16"
"130","yhah","Mon_in|Val1",11624,"qid:16"
"131","yedr","Mon_in|Val1",1653,"qid:16"
"132","agaw","Mon_in|Val1",1106,"qid:16"
"133","yban","Mon_in|Val1",5137,"qid:16"
"134","ybjm","Mon_in|Val1",3805,"qid:16"
"135","yfbj","Mon_in|Val1",1789,"qid:16"
"136","ygdd","Mon_in|Val1",2475,"qid:16"
"137","mscl","Mon_in|Val1",2317,"qid:16"
"138","ybhq","Mon_in|Val1",4317,"qid:16"
"139","ycdp","Mon_in|Val1",3898,"qid:16"
"140","yiaa","Mon_in|Val1",2289,"qid:16"
"141","ydgk","Mon_in|Val1",2962,"qid:16"
"142","yccf","Mon_in|Val1",6437,"qid:16"
"143","yfez","Mon_in|Val1",3556,"qid:16"
"144","ydcz","Mon_in|Val1",1343,"qid:16"
"145","ybbj","Mon_in|Val1",9283,"qid:16"
"146","yobd","Mon_in|Val1",5246,"qid:16"
"147","ymfa","Mon_in|Val1",583,"qid:16"
"148","yiei","Mon_in|Val1",3350,"qid:16"
"149","ylac","Mon_in|Val1",5740,"qid:16"
"150","yiam","Mon_in|Val1",4513,"qid:16"
"151","rsec","Mon_in|Val1",5293,"qid:16"
"152","ycdz","Mon_in|Val1",8805,"qid:16"
"153","lspa","Mon_in|Val1",7610,"qid:16"
"154","ybci","Mon_in|Val1",4070,"qid:16"
"155","dsbb","Mon_in|Val1",3430,"qid:16"
"156","yodb","Mon_in|Val1",3949,"qid:16"
"157","cybb","Mon_in|Val1",3304,"qid:16"
"158","ycib","Mon_in|Val1",8771,"qid:16"
"159","nuoj","Mon_in|Val1",3927,"qid:16"
"160","yaah","Mon_in|Val1",1362,"qid:16"
"161","ycej","Mon_in|Val1",2945,"qid:16"
"162","hded","Mon_in|Val1",6568,"qid:16"
"163","yohd","Mon_in|Val1",3864,"qid:16"
"164","ybjg","Mon_in|Val1",7659,"qid:16"
"626","sece","Mon_in|Val1",736,"qid:16"
"826","nuok","Mon_in|Val2",4322,"qid:17"
"827","yaiy","Mon_in|Val2",5219,"qid:17"
"828","ycis","Mon_in|Val2",8029,"qid:17"
"829","yjch","Mon_in|Val2",6262,"qid:17"
"830","yiaw","Mon_in|Val2",1397,"qid:17"
"831","yafu","Mon_in|Val2",9458,"qid:17"
"832","afub","Mon_in|Val2",568,"qid:17"
"833","yhai","Mon_in|Val2",5023,"qid:17"
"834","yijd","Mon_in|Val2",1870,"qid:17"
"835","yibi","Mon_in|Val2",2903,"qid:17"
"836","yfdg","Mon_in|Val2",10557,"qid:17"
"837","yhah","Mon_in|Val2",8421,"qid:17"
"838","yedr","Mon_in|Val2",1014,"qid:17"
"839","agaw","Mon_in|Val2",1040,"qid:17"
"840","yban","Mon_in|Val2",4184,"qid:17"
"841","ybjm","Mon_in|Val2",3139,"qid:17"
"842","yfbj","Mon_in|Val2",1385,"qid:17"
"843","ygdd","Mon_in|Val2",2709,"qid:17"
"844","mscl","Mon_in|Val2",3541,"qid:17"
"845","ybhq","Mon_in|Val2",9360,"qid:17"
"846","ycdp","Mon_in|Val2",4761,"qid:17"
"847","yiaa","Mon_in|Val2",2884,"qid:17"
"848","ydgk","Mon_in|Val2",4125,"qid:17"
"849","yccf","Mon_in|Val2",5049,"qid:17"
"850","yfez","Mon_in|Val2",2997,"qid:17"
"851","ydcz","Mon_in|Val2",3491,"qid:17"
"852","ybbj","Mon_in|Val2",11353,"qid:17"
"853","yobd","Mon_in|Val2",6829,"qid:17"
"854","ymfa","Mon_in|Val2",1684,"qid:17"
"855","yiei","Mon_in|Val2",5842,"qid:17"
"856","ylac","Mon_in|Val2",7297,"qid:17"
"857","yiam","Mon_in|Val2",5320,"qid:17"
"858","rsec","Mon_in|Val2",5288,"qid:17"
"859","ycdz","Mon_in|Val2",5593,"qid:17"
"860","lspa","Mon_in|Val2",8611,"qid:17"
"861","ybci","Mon_in|Val2",5662,"qid:17"
"862","dsbb","Mon_in|Val2",5448,"qid:17"
"863","yodb","Mon_in|Val2",5773,"qid:17"
"864","cybb","Mon_in|Val2",2941,"qid:17"
"865","ycib","Mon_in|Val2",9212,"qid:17"
"866","nuoj","Mon_in|Val2",5051,"qid:17"
"867","yaah","Mon_in|Val2",2269,"qid:17"
"868","ycej","Mon_in|Val2",3556,"qid:17"
"869","hded","Mon_in|Val2",7762,"qid:17"
"870","yohd","Mon_in|Val2",6318,"qid:17"
"871","ybjg","Mon_in|Val2",4334,"qid:17"
"1333","sece","Mon_in|Val2",558,"qid:17"
"2240","nuok","Mon_in|Val4",2628,"qid:18"
"2241","yaiy","Mon_in|Val4",3699,"qid:18"
"2242","ycis","Mon_in|Val4",6527,"qid:18"
"2243","yjch","Mon_in|Val4",3953,"qid:18"
"2244","yiaw","Mon_in|Val4",1962,"qid:18"
"2245","yafu","Mon_in|Val4",11162,"qid:18"
"2246","afub","Mon_in|Val4",2117,"qid:18"
"2247","yhai","Mon_in|Val4",5341,"qid:18"
"2248","yijd","Mon_in|Val4",2271,"qid:18"
"2249","yibi","Mon_in|Val4",3872,"qid:18"
"2250","yfdg","Mon_in|Val4",8245,"qid:18"
"2251","yhah","Mon_in|Val4",5115,"qid:18"
"2252","yedr","Mon_in|Val4",1821,"qid:18"
"2253","agaw","Mon_in|Val4",1281,"qid:18"
"2254","yban","Mon_in|Val4",5211,"qid:18"
"2255","ybjm","Mon_in|Val4",5072,"qid:18"
"2256","yfbj","Mon_in|Val4",2906,"qid:18"
"2257","ygdd","Mon_in|Val4",1985,"qid:18"
"2258","mscl","Mon_in|Val4",5327,"qid:18"
"2259","ybhq","Mon_in|Val4",6406,"qid:18"
"2260","ycdp","Mon_in|Val4",6741,"qid:18"
"2261","yiaa","Mon_in|Val4",773,"qid:18"
"2262","ydgk","Mon_in|Val4",3377,"qid:18"
"2263","yccf","Mon_in|Val4",7132,"qid:18"
"2264","yfez","Mon_in|Val4",3798,"qid:18"
"2265","ydcz","Mon_in|Val4",1196,"qid:18"
"2266","ybbj","Mon_in|Val4",7262,"qid:18"
"2267","yobd","Mon_in|Val4",4580,"qid:18"
"2268","ymfa","Mon_in|Val4",1085,"qid:18"
"2269","yiei","Mon_in|Val4",5127,"qid:18"
"2270","ylac","Mon_in|Val4",6646,"qid:18"
"2271","yiam","Mon_in|Val4",6120,"qid:18"
"2272","rsec","Mon_in|Val4",4104,"qid:18"
"2273","ycdz","Mon_in|Val4",5124,"qid:18"
"2274","lspa","Mon_in|Val4",9620,"qid:18"
"2275","ybci","Mon_in|Val4",1693,"qid:18"
"2276","dsbb","Mon_in|Val4",5793,"qid:18"
"2277","yodb","Mon_in|Val4",3435,"qid:18"
"2278","cybb","Mon_in|Val4",4499,"qid:18"
"2279","ycib","Mon_in|Val4",3586,"qid:18"
"2280","nuoj","Mon_in|Val4",3701,"qid:18"
"2281","yaah","Mon_in|Val4",2825,"qid:18"
"2282","ycej","Mon_in|Val4",2305,"qid:18"
"2283","hded","Mon_in|Val4",4475,"qid:18"
"2284","yohd","Mon_in|Val4",7319,"qid:18"
"2285","ybjg","Mon_in|Val4",8614,"qid:18"
"2747","sece","Mon_in|Val4",674,"qid:18"
"611","ymcd","Mon_out|Val1",1581,"qid:19"
"612","yjeo","Mon_out|Val1",451,"qid:19"
"613","suge","Mon_out|Val1",1163,"qid:19"
"614","ygbe","Mon_out|Val1",623,"qid:19"
"615","cyod","Mon_out|Val1",1046,"qid:19"
"616","emre","Mon_out|Val1",1121,"qid:19"
"617","ygiz","Mon_out|Val1",429,"qid:19"
"618","secg","Mon_out|Val1",640,"qid:19"
"619","ydgc","Mon_out|Val1",408,"qid:19"
"620","uspb","Mon_out|Val1",252,"qid:19"
"621","sdhd","Mon_out|Val1",79,"qid:19"
"622","yidh","Mon_out|Val1",325,"qid:19"
"623","frdd","Mon_out|Val1",1036,"qid:19"
"624","yidg","Mon_out|Val1",218,"qid:19"
"625","dgka","Mon_out|Val1",598,"qid:19"
"627","crcb","Mon_out|Val1",643,"qid:19"
"628","ychq","Mon_out|Val1",237,"qid:19"
"629","frdc","Mon_out|Val1",1166,"qid:19"
"630","yecn","Mon_out|Val1",725,"qid:19"
"631","yjfl","Mon_out|Val1",738,"qid:19"
"632","yohj","Mon_out|Val1",631,"qid:19"
"633","yqaa","Mon_out|Val1",162,"qid:19"
"634","yidi","Mon_out|Val1",523,"qid:19"
"635","cvpa","Mon_out|Val1",435,"qid:19"
"636","pgpa","Mon_out|Val1",567,"qid:19"
"637","yebn","Mon_out|Val1",634,"qid:19"
"638","yfik","Mon_out|Val1",657,"qid:19"
"639","yohc","Mon_out|Val1",516,"qid:19"
"640","yhgn","Mon_out|Val1",302,"qid:19"
"641","ydjm","Mon_out|Val1",1225,"qid:19"
"1318","ymcd","Mon_out|Val2",1581,"qid:20"
"1319","yjeo","Mon_out|Val2",451,"qid:20"
"1320","suge","Mon_out|Val2",1163,"qid:20"
"1321","ygbe","Mon_out|Val2",623,"qid:20"
"1322","cyod","Mon_out|Val2",1046,"qid:20"
"1323","emre","Mon_out|Val2",1121,"qid:20"
"1324","ygiz","Mon_out|Val2",429,"qid:20"
"1325","secg","Mon_out|Val2",640,"qid:20"
"1326","ydgc","Mon_out|Val2",408,"qid:20"
"1327","uspb","Mon_out|Val2",252,"qid:20"
"1328","sdhd","Mon_out|Val2",79,"qid:20"
"1329","yidh","Mon_out|Val2",325,"qid:20"
"1330","frdd","Mon_out|Val2",1036,"qid:20"
"1331","yidg","Mon_out|Val2",218,"qid:20"
"1332","dgka","Mon_out|Val2",598,"qid:20"
"1334","crcb","Mon_out|Val2",643,"qid:20"
"1335","ychq","Mon_out|Val2",237,"qid:20"
"1336","frdc","Mon_out|Val2",1166,"qid:20"
"1337","yecn","Mon_out|Val2",725,"qid:20"
"1338","yjfl","Mon_out|Val2",738,"qid:20"
"1339","yohj","Mon_out|Val2",631,"qid:20"
"1340","yqaa","Mon_out|Val2",162,"qid:20"
"1341","yidi","Mon_out|Val2",523,"qid:20"
"1342","cvpa","Mon_out|Val2",435,"qid:20"
"1343","pgpa","Mon_out|Val2",567,"qid:20"
"1344","yebn","Mon_out|Val2",634,"qid:20"
"1345","yfik","Mon_out|Val2",657,"qid:20"
"1346","yohc","Mon_out|Val2",516,"qid:20"
"1347","yhgn","Mon_out|Val2",302,"qid:20"
"1348","ydjm","Mon_out|Val2",1225,"qid:20"
"2732","ymcd","Mon_out|Val4",1581,"qid:21"
"2733","yjeo","Mon_out|Val4",451,"qid:21"
"2734","suge","Mon_out|Val4",1163,"qid:21"
"2735","ygbe","Mon_out|Val4",623,"qid:21"
"2736","cyod","Mon_out|Val4",1046,"qid:21"
"2737","emre","Mon_out|Val4",1121,"qid:21"
"2738","ygiz","Mon_out|Val4",429,"qid:21"
"2739","secg","Mon_out|Val4",640,"qid:21"
"2740","ydgc","Mon_out|Val4",408,"qid:21"
"2741","uspb","Mon_out|Val4",252,"qid:21"
"2742","sdhd","Mon_out|Val4",79,"qid:21"
"2743","yidh","Mon_out|Val4",325,"qid:21"
"2744","frdd","Mon_out|Val4",1036,"qid:21"
"2745","yidg","Mon_out|Val4",218,"qid:21"
"2746","dgka","Mon_out|Val4",598,"qid:21"
"2748","crcb","Mon_out|Val4",643,"qid:21"
"2749","ychq","Mon_out|Val4",237,"qid:21"
"2750","frdc","Mon_out|Val4",1166,"qid:21"
"2751","yecn","Mon_out|Val4",725,"qid:21"
"2752","yjfl","Mon_out|Val4",738,"qid:21"
"2753","yohj","Mon_out|Val4",631,"qid:21"
"2754","yqaa","Mon_out|Val4",162,"qid:21"
"2755","yidi","Mon_out|Val4",523,"qid:21"
"2756","cvpa","Mon_out|Val4",435,"qid:21"
"2757","pgpa","Mon_out|Val4",567,"qid:21"
"2758","yebn","Mon_out|Val4",634,"qid:21"
"2759","yfik","Mon_out|Val4",657,"qid:21"
"2760","yohc","Mon_out|Val4",516,"qid:21"
"2761","yhgn","Mon_out|Val4",302,"qid:21"
"2762","ydjm","Mon_out|Val4",1225,"qid:21"
"179","btuc","PS_in|Val1",0.664,"qid:22"
"180","ccmf","PS_in|Val1",0.649,"qid:22"
"181","cysw","PS_in|Val1",0.563,"qid:22"
"182","naru","PS_in|Val1",0.51,"qid:22"
"183","potc","PS_in|Val1",0.184,"qid:22"
"184","yjba","PS_in|Val1",0.642,"qid:22"
"185","ptsg","PS_in|Val1",1.88,"qid:22"
"186","srla","PS_in|Val1",0.674,"qid:22"
"187","tauc","PS_in|Val1",0.295,"qid:22"
"188","yhfc","PS_in|Val1",1.915,"qid:22"
"189","yagu","PS_in|Val1",1.54,"qid:22"
"190","ybjo","PS_in|Val1",2.104,"qid:22"
"191","ycca","PS_in|Val1",0.399,"qid:22"
"192","ycdt","PS_in|Val1",0.693,"qid:22"
"193","ycft","PS_in|Val1",0.524,"qid:22"
"194","yddg","PS_in|Val1",1.204,"qid:22"
"195","ydgg","PS_in|Val1",0.6,"qid:22"
"196","yebs","PS_in|Val1",0.54,"qid:22"
"197","yegh","PS_in|Val1",0.183,"qid:22"
"198","yfbv","PS_in|Val1",1.462,"qid:22"
"199","ygdq","PS_in|Val1",1.327,"qid:22"
"200","yjem","PS_in|Val1",1.797,"qid:22"
"201","ykgb","PS_in|Val1",1.893,"qid:22"
"202","ybgr","PS_in|Val1",1.139,"qid:22"
"203","poth","PS_in|Val1",0.431,"qid:22"
"204","yahn","PS_in|Val1",0.233,"qid:22"
"205","ybdg","PS_in|Val1",0.602,"qid:22"
"206","dpib","PS_in|Val1",0.441,"qid:22"
"886","btuc","PS_in|Val2",0.664,"qid:23"
"887","ccmf","PS_in|Val2",0.649,"qid:23"
"888","cysw","PS_in|Val2",0.563,"qid:23"
"889","naru","PS_in|Val2",0.51,"qid:23"
"890","potc","PS_in|Val2",0.184,"qid:23"
"891","yjba","PS_in|Val2",0.642,"qid:23"
"892","ptsg","PS_in|Val2",1.88,"qid:23"
"893","srla","PS_in|Val2",0.674,"qid:23"
"894","tauc","PS_in|Val2",0.295,"qid:23"
"895","yhfc","PS_in|Val2",1.915,"qid:23"
"896","yagu","PS_in|Val2",1.54,"qid:23"
"897","ybjo","PS_in|Val2",2.104,"qid:23"
"898","ycca","PS_in|Val2",0.399,"qid:23"
"899","ycdt","PS_in|Val2",0.693,"qid:23"
"900","ycft","PS_in|Val2",0.524,"qid:23"
"901","yddg","PS_in|Val2",1.204,"qid:23"
"902","ydgg","PS_in|Val2",0.6,"qid:23"
"903","yebs","PS_in|Val2",0.54,"qid:23"
"904","yegh","PS_in|Val2",0.183,"qid:23"
"905","yfbv","PS_in|Val2",1.462,"qid:23"
"906","ygdq","PS_in|Val2",1.327,"qid:23"
"907","yjem","PS_in|Val2",1.797,"qid:23"
"908","ykgb","PS_in|Val2",1.893,"qid:23"
"909","ybgr","PS_in|Val2",1.139,"qid:23"
"910","poth","PS_in|Val2",0.431,"qid:23"
"911","yahn","PS_in|Val2",0.233,"qid:23"
"912","ybdg","PS_in|Val2",0.602,"qid:23"
"913","dpib","PS_in|Val2",0.441,"qid:23"
"2300","btuc","PS_in|Val4",0.664,"qid:24"
"2301","ccmf","PS_in|Val4",0.649,"qid:24"
"2302","cysw","PS_in|Val4",0.563,"qid:24"
"2303","naru","PS_in|Val4",0.51,"qid:24"
"2304","potc","PS_in|Val4",0.184,"qid:24"
"2305","yjba","PS_in|Val4",0.642,"qid:24"
"2306","ptsg","PS_in|Val4",1.88,"qid:24"
"2307","srla","PS_in|Val4",0.674,"qid:24"
"2308","tauc","PS_in|Val4",0.295,"qid:24"
"2309","yhfc","PS_in|Val4",1.915,"qid:24"
"2310","yagu","PS_in|Val4",1.54,"qid:24"
"2311","ybjo","PS_in|Val4",2.104,"qid:24"
"2312","ycca","PS_in|Val4",0.399,"qid:24"
"2313","ycdt","PS_in|Val4",0.693,"qid:24"
"2314","ycft","PS_in|Val4",0.524,"qid:24"
"2315","yddg","PS_in|Val4",1.204,"qid:24"
"2316","ydgg","PS_in|Val4",0.6,"qid:24"
"2317","yebs","PS_in|Val4",0.54,"qid:24"
"2318","yegh","PS_in|Val4",0.183,"qid:24"
"2319","yfbv","PS_in|Val4",1.462,"qid:24"
"2320","ygdq","PS_in|Val4",1.327,"qid:24"
"2321","yjem","PS_in|Val4",1.797,"qid:24"
"2322","ykgb","PS_in|Val4",1.893,"qid:24"
"2323","ybgr","PS_in|Val4",1.139,"qid:24"
"2324","poth","PS_in|Val4",0.431,"qid:24"
"2325","yahn","PS_in|Val4",0.233,"qid:24"
"2326","ybdg","PS_in|Val4",0.602,"qid:24"
"2327","dpib","PS_in|Val4",0.441,"qid:24"
"643","mena","PS_out|Val1",1.417,"qid:25"
"644","sdhc","PS_out|Val1",0.335,"qid:25"
"645","yejm","PS_out|Val1",1.129,"qid:25"
"646","yhjv","PS_out|Val1",1.644,"qid:25"
"647","yhjw","PS_out|Val1",1.049,"qid:25"
"648","yjcd","PS_out|Val1",0.63,"qid:25"
"649","yjig","PS_out|Val1",0.796,"qid:25"
"650","tdcc","PS_out|Val1",0.131,"qid:25"
"1350","mena","PS_out|Val2",1.417,"qid:26"
"1351","sdhc","PS_out|Val2",0.335,"qid:26"
"1352","yejm","PS_out|Val2",1.129,"qid:26"
"1353","yhjv","PS_out|Val2",1.644,"qid:26"
"1354","yhjw","PS_out|Val2",1.049,"qid:26"
"1355","yjcd","PS_out|Val2",0.63,"qid:26"
"1356","yjig","PS_out|Val2",0.796,"qid:26"
"1357","tdcc","PS_out|Val2",0.131,"qid:26"
"2764","mena","PS_out|Val4",1.417,"qid:27"
"2765","sdhc","PS_out|Val4",0.335,"qid:27"
"2766","yejm","PS_out|Val4",1.129,"qid:27"
"2767","yhjv","PS_out|Val4",1.644,"qid:27"
"2768","yhjw","PS_out|Val4",1.049,"qid:27"
"2769","yjcd","PS_out|Val4",0.63,"qid:27"
"2770","yjig","PS_out|Val4",0.796,"qid:27"
"2771","tdcc","PS_out|Val4",0.131,"qid:27"
"207","putp","Sat_in|Val1",2529.876,"qid:28"
"208","yeer","Sat_in|Val1",2861.842,"qid:28"
"209","ynjc","Sat_in|Val1",734.172,"qid:28"
"210","xasa","Sat_in|Val1",7482.546,"qid:28"
"211","emrb","Sat_in|Val1",3170.545,"qid:28"
"212","malf","Sat_in|Val1",3986.642,"qid:28"
"213","rtn","Sat_in|Val1",1160.169,"qid:28"
"214","cyda","Sat_in|Val1",1784.833,"qid:28"
"215","yjcc","Sat_in|Val1",222.119,"qid:28"
"216","tap","Sat_in|Val1",1684.822,"qid:28"
"219","yjcg","Sat_in|Val1",6948.248,"qid:28"
"221","yqik","Sat_in|Val1",10844.621,"qid:28"
"222","ybal","Sat_in|Val1",5224.825,"qid:28"
"223","yehu","Sat_in|Val1",6660.384,"qid:28"
"224","ydda","Sat_in|Val1",2797.466,"qid:28"
"226","yedq","Sat_in|Val1",93.31,"qid:28"
"227","ypda","Sat_in|Val1",4263.439,"qid:28"
"228","yidk","Sat_in|Val1",7468.312,"qid:28"
"231","kefc","Sat_in|Val1",3479.158,"qid:28"
"232","bglf","Sat_in|Val1",5959.623,"qid:28"
"235","yhcp","Sat_in|Val1",862.118,"qid:28"
"236","yrff","Sat_in|Val1",2541.406,"qid:28"
"237","yccs","Sat_in|Val1",3675.703,"qid:28"
"238","yccc","Sat_in|Val1",3567.79,"qid:28"
"239","znta","Sat_in|Val1",5574.008,"qid:28"
"240","yfgf","Sat_in|Val1",2311.183,"qid:28"
"241","yhjn","Sat_in|Val1",1038,"qid:28"
"242","ylie","Sat_in|Val1",1705.644,"qid:28"
"243","kdpd","Sat_in|Val1",2802.362,"qid:28"
"244","yhih","Sat_in|Val1",591.371,"qid:28"
"245","yegn","Sat_in|Val1",627.297,"qid:28"
"250","ydgf","Sat_in|Val1",1541.681,"qid:28"
"251","yqjf","Sat_in|Val1",3271.46,"qid:28"
"252","fdoi","Sat_in|Val1",5740.135,"qid:28"
"914","putp","Sat_in|Val2",2529.876,"qid:29"
"915","yeer","Sat_in|Val2",2861.842,"qid:29"
"916","ynjc","Sat_in|Val2",734.172,"qid:29"
"917","xasa","Sat_in|Val2",7482.546,"qid:29"
"918","emrb","Sat_in|Val2",3170.545,"qid:29"
"919","malf","Sat_in|Val2",3986.642,"qid:29"
"920","rtn","Sat_in|Val2",1160.169,"qid:29"
"9211","cyda","Sat_in|Val2",1784.833,"qid:29"
"9221","yjcc","Sat_in|Val2",222.119,"qid:29"
"9231","tap","Sat_in|Val2",1684.822,"qid:29"
"9261","yjcg","Sat_in|Val2",6948.248,"qid:29"
"9281","yqik","Sat_in|Val2",10844.621,"qid:29"
"9291","ybal","Sat_in|Val2",5224.825,"qid:29"
"9301","yehu","Sat_in|Val2",6660.384,"qid:29"
"9311","ydda","Sat_in|Val2",2797.466,"qid:29"
"9331","yedq","Sat_in|Val2",93.31,"qid:29"
"9341","ypda","Sat_in|Val2",4263.439,"qid:29"
"9351","yidk","Sat_in|Val2",7468.312,"qid:29"
"9381","kefc","Sat_in|Val2",3479.158,"qid:29"
"9391","bglf","Sat_in|Val2",5959.623,"qid:29"
"9421","yhcp","Sat_in|Val2",862.118,"qid:29"
"9431","yrff","Sat_in|Val2",2541.406,"qid:29"
"9441","yccs","Sat_in|Val2",3675.703,"qid:29"
"9451","yccc","Sat_in|Val2",3567.79,"qid:29"
"9461","znta","Sat_in|Val2",5574.008,"qid:29"
"9471","yfgf","Sat_in|Val2",2311.183,"qid:29"
"9481","yhjn","Sat_in|Val2",1038,"qid:29"
"9491","ylie","Sat_in|Val2",1705.644,"qid:29"
"9501","kdpd","Sat_in|Val2",2802.362,"qid:29"
"9511","yhih","Sat_in|Val2",591.371,"qid:29"
"9521","yegn","Sat_in|Val2",627.297,"qid:29"
"9571","ydgf","Sat_in|Val2",1541.681,"qid:29"
"9581","yqjf","Sat_in|Val2",3271.46,"qid:29"
"9591","fdoi","Sat_in|Val2",5740.135,"qid:29"
"2328","putp","Sat_in|Val4",5352.727,"qid:30"
"2329","yeer","Sat_in|Val4",4489.067,"qid:30"
"2330","ynjc","Sat_in|Val4",1267.656,"qid:30"
"2331","xasa","Sat_in|Val4",9319.58,"qid:30"
"2332","emrb","Sat_in|Val4",6102.68,"qid:30"
"2333","malf","Sat_in|Val4",6192.163,"qid:30"
"2334","rtn","Sat_in|Val4",916.181,"qid:30"
"2335","cyda","Sat_in|Val4",3678.374,"qid:30"
"2336","yjcc","Sat_in|Val4",135.705,"qid:30"
"2337","tap","Sat_in|Val4",3170.686,"qid:30"
"2340","yjcg","Sat_in|Val4",9190.771,"qid:30"
"2342","yqik","Sat_in|Val4",5475.017,"qid:30"
"2343","ybal","Sat_in|Val4",3763.336,"qid:30"
"2344","yehu","Sat_in|Val4",8538.727,"qid:30"
"2345","ydda","Sat_in|Val4",3495.912,"qid:30"
"2347","yedq","Sat_in|Val4",310.173,"qid:30"
"2348","ypda","Sat_in|Val4",3522.579,"qid:30"
"2349","yidk","Sat_in|Val4",8620.879,"qid:30"
"2352","kefc","Sat_in|Val4",8199.679,"qid:30"
"2353","bglf","Sat_in|Val4",6080.416,"qid:30"
"2356","yhcp","Sat_in|Val4",1816.32,"qid:30"
"2357","yrff","Sat_in|Val4",3032.673,"qid:30"
"2358","yccs","Sat_in|Val4",4890.592,"qid:30"
"2359","yccc","Sat_in|Val4",4581.214,"qid:30"
"2360","znta","Sat_in|Val4",3498.535,"qid:30"
"2361","yfgf","Sat_in|Val4",2774.043,"qid:30"
"2362","yhjn","Sat_in|Val4",1541.175,"qid:30"
"2363","ylie","Sat_in|Val4",1649.994,"qid:30"
"2364","kdpd","Sat_in|Val4",2102.548,"qid:30"
"2365","yhih","Sat_in|Val4",437.059,"qid:30"
"2366","yegn","Sat_in|Val4",433.493,"qid:30"
"2371","ydgf","Sat_in|Val4",2041.565,"qid:30"
"2372","yqjf","Sat_in|Val4",4327.926,"qid:30"
"2373","fdoi","Sat_in|Val4",8338.085,"qid:30"
"651","nuom","Sat_out|Val1",452,"qid:31"
"652","ybip","Sat_out|Val1",509,"qid:31"
"653","yhbx","Sat_out|Val1",468,"qid:31"
"654","lldp","Sat_out|Val1",43,"qid:31"
"655","yghk","Sat_out|Val1",585,"qid:31"
"656","nuol","Sat_out|Val1",495,"qid:31"
"657","hyfb","Sat_out|Val1",305,"qid:31"
"1358","nuom","Sat_out|Val2",452,"qid:32"
"1359","ybip","Sat_out|Val2",509,"qid:32"
"1360","yhbx","Sat_out|Val2",468,"qid:32"
"1361","lldp","Sat_out|Val2",43,"qid:32"
"1362","yghk","Sat_out|Val2",585,"qid:32"
"1363","nuol","Sat_out|Val2",495,"qid:32"
"1364","hyfb","Sat_out|Val2",305,"qid:32"
"2772","nuom","Sat_out|Val4",452,"qid:33"
"2773","ybip","Sat_out|Val4",509,"qid:33"
"2774","yhbx","Sat_out|Val4",468,"qid:33"
"2775","lldp","Sat_out|Val4",43,"qid:33"
"2776","yghk","Sat_out|Val4",585,"qid:33"
"2777","nuol","Sat_out|Val4",495,"qid:33"
"2778","hyfb","Sat_out|Val4",305,"qid:33"
"253","hyfe","Sun_in|Val1",4700,"qid:34"
"254","glpf","Sun_in|Val1",27.96775491,"qid:34"
"255","nikb","Sun_in|Val1",4127,"qid:34"
"256","ydey","Sun_in|Val1",7305,"qid:34"
"257","yejb","Sun_in|Val1",6130,"qid:34"
"258","cydb","Sun_in|Val1",7520,"qid:34"
"259","yged","Sun_in|Val1",4927,"qid:34"
"260","fsr","Sun_in|Val1",4504,"qid:34"
"261","dgot","Sun_in|Val1",11029,"qid:34"
"262","cadb","Sun_in|Val1",9.629289631,"qid:34"
"263","yhau","Sun_in|Val1",12716,"qid:34"
"264","cred","Sun_in|Val1",1556,"qid:34"
"265","yihp","Sun_in|Val1",2273,"qid:34"
"266","ygfo","Sun_in|Val1",5514,"qid:34"
"267","treb","Sun_in|Val1",4953,"qid:34"
"268","xyle","Sun_in|Val1",7198,"qid:34"
"269","aer","Sun_in|Val1",1502,"qid:34"
"270","dcus","Sun_in|Val1",3307,"qid:34"
"271","tar","Sun_in|Val1",3524,"qid:34"
"272","hrsa","Sun_in|Val1",3834,"qid:34"
"273","csta","Sun_in|Val1",5127,"qid:34"
"274","feob","Sun_in|Val1",5968,"qid:34"
"275","mdoh","Sun_in|Val1",6005,"qid:34"
"276","acrb","Sun_in|Val1",3468,"qid:34"
"277","yhiv","Sun_in|Val1",3545,"qid:34"
"278","yqje","Sun_in|Val1",6539,"qid:34"
"279","yaau","Sun_in|Val1",1745,"qid:34"
"280","phoq","Sun_in|Val1",65.23796847,"qid:34"
"281","pnta","Sun_in|Val1",4365,"qid:34"
"9601","hyfe","Sun_in|Val2",3779,"qid:35"
"9611","glpf","Sun_in|Val2",8.88088876,"qid:35"
"9621","nikb","Sun_in|Val2",2976,"qid:35"
"963","ydey","Sun_in|Val2",3321,"qid:35"
"964","yejb","Sun_in|Val2",5392,"qid:35"
"9651","cydb","Sun_in|Val2",4153,"qid:35"
"9661","yged","Sun_in|Val2",5664,"qid:35"
"9671","fsr","Sun_in|Val2",5788,"qid:35"
"9681","dgot","Sun_in|Val2",9981,"qid:35"
"9691","cadb","Sun_in|Val2",10.28636978,"qid:35"
"9701","yhau","Sun_in|Val2",10140,"qid:35"
"9711","cred","Sun_in|Val2",562,"qid:35"
"9721","yihp","Sun_in|Val2",2639,"qid:35"
"9731","ygfo","Sun_in|Val2",6625,"qid:35"
"9741","treb","Sun_in|Val2",4373,"qid:35"
"9751","xyle","Sun_in|Val2",6090,"qid:35"
"9761","aer","Sun_in|Val2",1874,"qid:35"
"9771","dcus","Sun_in|Val2",1631,"qid:35"
"9781","tar","Sun_in|Val2",3350,"qid:35"
"9791","hrsa","Sun_in|Val2",3851,"qid:35"
"9801","csta","Sun_in|Val2",3776,"qid:35"
"9811","feob","Sun_in|Val2",4640,"qid:35"
"9821","mdoh","Sun_in|Val2",4024,"qid:35"
"9831","acrb","Sun_in|Val2",4390,"qid:35"
"9841","yhiv","Sun_in|Val2",4803,"qid:35"
"9851","yqje","Sun_in|Val2",8549,"qid:35"
"9861","yaau","Sun_in|Val2",2318,"qid:35"
"9871","phoq","Sun_in|Val2",79.1188835,"qid:35"
"988","pnta","Sun_in|Val2",4942,"qid:35"
"2374","hyfe","Sun_in|Val4",5385,"qid:36"
"2375","glpf","Sun_in|Val4",18.49836869,"qid:36"
"2376","nikb","Sun_in|Val4",4771,"qid:36"
"2377","ydey","Sun_in|Val4",7383,"qid:36"
"2378","yejb","Sun_in|Val4",5780,"qid:36"
"2379","cydb","Sun_in|Val4",8010,"qid:36"
"2380","yged","Sun_in|Val4",5893,"qid:36"
"2381","fsr","Sun_in|Val4",4191,"qid:36"
"2382","dgot","Sun_in|Val4",12000,"qid:36"
"2383","cadb","Sun_in|Val4",6.789816074,"qid:36"
"2384","yhau","Sun_in|Val4",13266,"qid:36"
"2385","cred","Sun_in|Val4",1384,"qid:36"
"2386","yihp","Sun_in|Val4",2170,"qid:36"
"2387","ygfo","Sun_in|Val4",6558,"qid:36"
"2388","treb","Sun_in|Val4",5871,"qid:36"
"2389","xyle","Sun_in|Val4",8575,"qid:36"
"2390","aer","Sun_in|Val4",1619,"qid:36"
"2391","dcus","Sun_in|Val4",3781,"qid:36"
"2392","tar","Sun_in|Val4",3696,"qid:36"
"2393","hrsa","Sun_in|Val4",3656,"qid:36"
"2394","csta","Sun_in|Val4",6014,"qid:36"
"2395","feob","Sun_in|Val4",6341,"qid:36"
"2396","mdoh","Sun_in|Val4",5653,"qid:36"
"2397","acrb","Sun_in|Val4",4575,"qid:36"
"2398","yhiv","Sun_in|Val4",3851,"qid:36"
"2399","yqje","Sun_in|Val4",5266,"qid:36"
"2400","yaau","Sun_in|Val4",2070,"qid:36"
"2401","phoq","Sun_in|Val4",74.23805738,"qid:36"
"2402","pnta","Sun_in|Val4",5855,"qid:36"
"658","cdsa","Sun_out|Val1",1481,"qid:37"
"659","manz","Sun_out|Val1",283,"qid:37"
"660","cyoe","Sun_out|Val1",312,"qid:37"
"661","cyoa","Sun_out|Val1",1198,"qid:37"
"662","srle","Sun_out|Val1",537,"qid:37"
"663","yiav","Sun_out|Val1",767,"qid:37"
"664","yieg","Sun_out|Val1",613,"qid:37"
"665","ygbn","Sun_out|Val1",780,"qid:37"
"666","ybhi","Sun_out|Val1",128,"qid:37"
"667","pita","Sun_out|Val1",606,"qid:37"
"1365","cdsa","Sun_out|Val2",1481,"qid:38"
"1366","manz","Sun_out|Val2",283,"qid:38"
"1367","cyoe","Sun_out|Val2",312,"qid:38"
"1368","cyoa","Sun_out|Val2",1198,"qid:38"
"1369","srle","Sun_out|Val2",537,"qid:38"
"1370","yiav","Sun_out|Val2",767,"qid:38"
"1371","yieg","Sun_out|Val2",613,"qid:38"
"1372","ygbn","Sun_out|Val2",780,"qid:38"
"1373","ybhi","Sun_out|Val2",128,"qid:38"
"1374","pita","Sun_out|Val2",606,"qid:38"
"2779","cdsa","Sun_out|Val4",1481,"qid:39"
"2780","manz","Sun_out|Val4",283,"qid:39"
"2781","cyoe","Sun_out|Val4",312,"qid:39"
"2782","cyoa","Sun_out|Val4",1198,"qid:39"
"2783","srle","Sun_out|Val4",537,"qid:39"
"2784","yiav","Sun_out|Val4",767,"qid:39"
"2785","yieg","Sun_out|Val4",613,"qid:39"
"2786","ygbn","Sun_out|Val4",780,"qid:39"
"2787","ybhi","Sun_out|Val4",128,"qid:39"
"2788","pita","Sun_out|Val4",606,"qid:39"
"282","yjgp","Thu_in|Val1",4110,"qid:40"
"283","rfe","Thu_in|Val1",8032,"qid:40"
"284","yhdy","Thu_in|Val1",1151,"qid:40"
"285","ybhr","Thu_in|Val1",5937,"qid:40"
"286","ydik","Thu_in|Val1",1127,"qid:40"
"287","mrdb","Thu_in|Val1",2422,"qid:40"
"288","fepe","Thu_in|Val1",1626,"qid:40"
"289","ybhs","Thu_in|Val1",3284,"qid:40"
"290","appb","Thu_in|Val1",3452,"qid:40"
"291","ycad","Thu_in|Val1",10133,"qid:40"
"292","yehy","Thu_in|Val1",2034,"qid:40"
"293","ydhp","Thu_in|Val1",6833,"qid:40"
"294","yidy","Thu_in|Val1",4464,"qid:40"
"295","ydco","Thu_in|Val1",2731,"qid:40"
"296","hybb","Thu_in|Val1",2909,"qid:40"
"297","yfcj","Thu_in|Val1",6326,"qid:40"
"298","yeio","Thu_in|Val1",93,"qid:40"
"299","xylh","Thu_in|Val1",5835,"qid:40"
"300","yean","Thu_in|Val1",2179,"qid:40"
"301","emrd","Thu_in|Val1",5177,"qid:40"
"302","yick","Thu_in|Val1",3244,"qid:40"
"303","araj","Thu_in|Val1",9251,"qid:40"
"304","ydea","Thu_in|Val1",8809,"qid:40"
"305","bcr","Thu_in|Val1",5817,"qid:40"
"306","hemy","Thu_in|Val1",5150,"qid:40"
"307","yjgn","Thu_in|Val1",3246,"qid:40"
"308","yede","Thu_in|Val1",3480,"qid:40"
"309","ycel","Thu_in|Val1",5886,"qid:40"
"310","ybjj","Thu_in|Val1",4585,"qid:40"
"311","mhpt","Thu_in|Val1",567,"qid:40"
"312","ydhc","Thu_in|Val1",9631,"qid:40"
"313","ydim","Thu_in|Val1",4088,"qid:40"
"314","sbma","Thu_in|Val1",7051,"qid:40"
"315","yfin","Thu_in|Val1",600,"qid:40"
"316","cmr","Thu_in|Val1",9275,"qid:40"
"317","yjio","Thu_in|Val1",2759,"qid:40"
"318","yicm","Thu_in|Val1",7346,"qid:40"
"319","ygju","Thu_in|Val1",4745,"qid:40"
"320","ftsw","Thu_in|Val1",4014,"qid:40"
"321","ypdg","Thu_in|Val1",7718,"qid:40"
"322","rfbx","Thu_in|Val1",2659,"qid:40"
"323","wzxe","Thu_in|Val1",4458,"qid:40"
"324","pqia","Thu_in|Val1",1661,"qid:40"
"325","ynfm","Thu_in|Val1",7682,"qid:40"
"326","kch","Thu_in|Val1",4764,"qid:40"
"327","lacy","Thu_in|Val1",7713,"qid:40"
"328","nupg","Thu_in|Val1",2725,"qid:40"
"329","codb","Thu_in|Val1",11889,"qid:40"
"330","rfal","Thu_in|Val1",2998,"qid:40"
"331","yihn","Thu_in|Val1",12273,"qid:40"
"332","ydin","Thu_in|Val1",4224,"qid:40"
"333","yqce","Thu_in|Val1",11028,"qid:40"
"334","yegt","Thu_in|Val1",8826,"qid:40"
"335","amtb","Thu_in|Val1",1271,"qid:40"
"336","dcta","Thu_in|Val1",0,"qid:40"
"337","yfjd","Thu_in|Val1",7044,"qid:40"
"338","yfav","Thu_in|Val1",4558,"qid:40"
"339","uraa","Thu_in|Val1",483,"qid:40"
"9891","yjgp","Thu_in|Val2",1858,"qid:41"
"9901","rfe","Thu_in|Val2",7538,"qid:41"
"9911","yhdy","Thu_in|Val2",1564,"qid:41"
"9921","ybhr","Thu_in|Val2",5582,"qid:41"
"9931","ydik","Thu_in|Val2",2167,"qid:41"
"9941","mrdb","Thu_in|Val2",1836,"qid:41"
"9951","fepe","Thu_in|Val2",1350,"qid:41"
"9961","ybhs","Thu_in|Val2",2724,"qid:41"
"9971","appb","Thu_in|Val2",3533,"qid:41"
"9981","ycad","Thu_in|Val2",9857,"qid:41"
"9991","yehy","Thu_in|Val2",2203,"qid:41"
"10001","ydhp","Thu_in|Val2",6712,"qid:41"
"10011","yidy","Thu_in|Val2",4259,"qid:41"
"10021","ydco","Thu_in|Val2",2675,"qid:41"
"10031","hybb","Thu_in|Val2",2740,"qid:41"
"10041","yfcj","Thu_in|Val2",8505,"qid:41"
"10051","yeio","Thu_in|Val2",98,"qid:41"
"10061","xylh","Thu_in|Val2",5444,"qid:41"
"1007","yean","Thu_in|Val2",2403,"qid:41"
"10081","emrd","Thu_in|Val2",5788,"qid:41"
"10091","yick","Thu_in|Val2",2698,"qid:41"
"10101","araj","Thu_in|Val2",7412,"qid:41"
"10111","ydea","Thu_in|Val2",6338,"qid:41"
"10121","bcr","Thu_in|Val2",6112,"qid:41"
"1013","hemy","Thu_in|Val2",5246,"qid:41"
"1014","yjgn","Thu_in|Val2",2554,"qid:41"
"1015","yede","Thu_in|Val2",3726,"qid:41"
"1016","ycel","Thu_in|Val2",4761,"qid:41"
"1017","ybjj","Thu_in|Val2",7587,"qid:41"
"1018","mhpt","Thu_in|Val2",673,"qid:41"
"1019","ydhc","Thu_in|Val2",7185,"qid:41"
"1020","ydim","Thu_in|Val2",3803,"qid:41"
"1021","sbma","Thu_in|Val2",7940,"qid:41"
"1022","yfin","Thu_in|Val2",1073,"qid:41"
"1023","cmr","Thu_in|Val2",12060,"qid:41"
"1024","yjio","Thu_in|Val2",1933,"qid:41"
"1025","yicm","Thu_in|Val2",5910,"qid:41"
"1026","ygju","Thu_in|Val2",3750,"qid:41"
"1027","ftsw","Thu_in|Val2",2843,"qid:41"
"1028","ypdg","Thu_in|Val2",5870,"qid:41"
"1029","rfbx","Thu_in|Val2",2599,"qid:41"
"1030","wzxe","Thu_in|Val2",3899,"qid:41"
"1031","pqia","Thu_in|Val2",1156,"qid:41"
"1032","ynfm","Thu_in|Val2",6920,"qid:41"
"1033","kch","Thu_in|Val2",4599,"qid:41"
"1034","lacy","Thu_in|Val2",7292,"qid:41"
"1035","nupg","Thu_in|Val2",1836,"qid:41"
"1036","codb","Thu_in|Val2",10201,"qid:41"
"1037","rfal","Thu_in|Val2",3728,"qid:41"
"1038","yihn","Thu_in|Val2",12464,"qid:41"
"1039","ydin","Thu_in|Val2",3884,"qid:41"
"1040","yqce","Thu_in|Val2",9528,"qid:41"
"1041","yegt","Thu_in|Val2",7215,"qid:41"
"1042","amtb","Thu_in|Val2",1790,"qid:41"
"1043","dcta","Thu_in|Val2",1569,"qid:41"
"1044","yfjd","Thu_in|Val2",0,"qid:41"
"1045","yfav","Thu_in|Val2",4474,"qid:41"
"1046","uraa","Thu_in|Val2",418,"qid:41"
"2403","yjgp","Thu_in|Val4",4745,"qid:42"
"2404","rfe","Thu_in|Val4",9283,"qid:42"
"2405","yhdy","Thu_in|Val4",1197,"qid:42"
"2406","ybhr","Thu_in|Val4",6365,"qid:42"
"2407","ydik","Thu_in|Val4",2610,"qid:42"
"2408","mrdb","Thu_in|Val4",2521,"qid:42"
"2409","fepe","Thu_in|Val4",1835,"qid:42"
"2410","ybhs","Thu_in|Val4",3473,"qid:42"
"2411","appb","Thu_in|Val4",5363,"qid:42"
"2412","ycad","Thu_in|Val4",10692,"qid:42"
"2413","yehy","Thu_in|Val4",2778,"qid:42"
"2414","ydhp","Thu_in|Val4",7778,"qid:42"
"2415","yidy","Thu_in|Val4",4740,"qid:42"
"2416","ydco","Thu_in|Val4",3013,"qid:42"
"2417","hybb","Thu_in|Val4",2841,"qid:42"
"2418","yfcj","Thu_in|Val4",9892,"qid:42"
"2419","yeio","Thu_in|Val4",95,"qid:42"
"2420","xylh","Thu_in|Val4",7045,"qid:42"
"2421","yean","Thu_in|Val4",2468,"qid:42"
"2422","emrd","Thu_in|Val4",7694,"qid:42"
"2423","yick","Thu_in|Val4",4001,"qid:42"
"2424","araj","Thu_in|Val4",9691,"qid:42"
"2425","ydea","Thu_in|Val4",9435,"qid:42"
"2426","bcr","Thu_in|Val4",7739,"qid:42"
"2427","hemy","Thu_in|Val4",7074,"qid:42"
"2428","yjgn","Thu_in|Val4",3102,"qid:42"
"2429","yede","Thu_in|Val4",4826,"qid:42"
"2430","ycel","Thu_in|Val4",6556,"qid:42"
"2431","ybjj","Thu_in|Val4",8438,"qid:42"
"2432","mhpt","Thu_in|Val4",791,"qid:42"
"2433","ydhc","Thu_in|Val4",7194,"qid:42"
"2434","ydim","Thu_in|Val4",4435,"qid:42"
"2435","sbma","Thu_in|Val4",9126,"qid:42"
"2436","yfin","Thu_in|Val4",3725,"qid:42"
"2437","cmr","Thu_in|Val4",10722,"qid:42"
"2438","yjio","Thu_in|Val4",2813,"qid:42"
"2439","yicm","Thu_in|Val4",5356,"qid:42"
"2440","ygju","Thu_in|Val4",4458,"qid:42"
"2441","ftsw","Thu_in|Val4",3819,"qid:42"
"2442","ypdg","Thu_in|Val4",6632,"qid:42"
"2443","rfbx","Thu_in|Val4",2814,"qid:42"
"2444","wzxe","Thu_in|Val4",5036,"qid:42"
"2445","pqia","Thu_in|Val4",1511,"qid:42"
"2446","ynfm","Thu_in|Val4",7561,"qid:42"
"2447","kch","Thu_in|Val4",5861,"qid:42"
"2448","lacy","Thu_in|Val4",10578,"qid:42"
"2449","nupg","Thu_in|Val4",2817,"qid:42"
"2450","codb","Thu_in|Val4",13370,"qid:42"
"2451","rfal","Thu_in|Val4",4049,"qid:42"
"2452","yihn","Thu_in|Val4",10362,"qid:42"
"2453","ydin","Thu_in|Val4",6813,"qid:42"
"2454","yqce","Thu_in|Val4",12513,"qid:42"
"2455","yegt","Thu_in|Val4",10744,"qid:42"
"2456","amtb","Thu_in|Val4",2727,"qid:42"
"2457","dcta","Thu_in|Val4",1282,"qid:42"
"2458","yfjd","Thu_in|Val4",7949,"qid:42"
"2459","yfav","Thu_in|Val4",5115,"qid:42"
"2460","uraa","Thu_in|Val4",559,"qid:42"
"668","glvc","Thu_out|Val1",154,"qid:43"
"669","ybir","Thu_out|Val1",0,"qid:43"
"670","yibh","Thu_out|Val1",547,"qid:43"
"671","gspf","Thu_out|Val1",262,"qid:43"
"672","hofc","Thu_out|Val1",103,"qid:43"
"673","nupc","Thu_out|Val1",488,"qid:43"
"674","glts","Thu_out|Val1",165,"qid:43"
"675","yqeg","Thu_out|Val1",362,"qid:43"
"676","yfep","Thu_out|Val1",146,"qid:43"
"677","mtr","Thu_out|Val1",475,"qid:43"
"678","tnab","Thu_out|Val1",290,"qid:43"
"679","yeim","Thu_out|Val1",220,"qid:43"
"680","nuon","Thu_out|Val1",297,"qid:43"
"681","sdac","Thu_out|Val1",448,"qid:43"
"1375","glvc","Thu_out|Val2",155,"qid:44"
"1376","ybir","Thu_out|Val2",279,"qid:44"
"1377","yibh","Thu_out|Val2",572,"qid:44"
"1378","gspf","Thu_out|Val2",269,"qid:44"
"1379","hofc","Thu_out|Val2",90,"qid:44"
"1380","nupc","Thu_out|Val2",423,"qid:44"
"1381","glts","Thu_out|Val2",134,"qid:44"
"1382","yqeg","Thu_out|Val2",316,"qid:44"
"1383","yfep","Thu_out|Val2",150,"qid:44"
"1384","mtr","Thu_out|Val2",441,"qid:44"
"1385","tnab","Thu_out|Val2",231,"qid:44"
"1386","yeim","Thu_out|Val2",247,"qid:44"
"1387","nuon","Thu_out|Val2",294,"qid:44"
"1388","sdac","Thu_out|Val2",381,"qid:44"
"2789","glvc","Thu_out|Val4",0,"qid:45"
"2790","ybir","Thu_out|Val4",0,"qid:45"
"2791","yibh","Thu_out|Val4",0,"qid:45"
"2792","gspf","Thu_out|Val4",0,"qid:45"
"2793","hofc","Thu_out|Val4",0,"qid:45"
"2794","nupc","Thu_out|Val4",0,"qid:45"
"2795","glts","Thu_out|Val4",0,"qid:45"
"2796","yqeg","Thu_out|Val4",0,"qid:45"
"2797","yfep","Thu_out|Val4",0,"qid:45"
"2798","mtr","Thu_out|Val4",0,"qid:45"
"2799","tnab","Thu_out|Val4",0,"qid:45"
"2800","yeim","Thu_out|Val4",0,"qid:45"
"2801","nuon","Thu_out|Val4",0,"qid:45"
"2802","sdac","Thu_out|Val4",0,"qid:45"
"340","ynba","Tue_in|Val1",1011,"qid:46"
"341","ygih","Tue_in|Val1",5354,"qid:46"
"342","yicg","Tue_in|Val1",2039,"qid:46"
"343","yigj","Tue_in|Val1",1254,"qid:46"
"344","yads","Tue_in|Val1",1801,"qid:46"
"345","yqij","Tue_in|Val1",6722,"qid:46"
"346","yjdf","Tue_in|Val1",1290,"qid:46"
"347","yeas","Tue_in|Val1",865,"qid:46"
"348","fdni","Tue_in|Val1",6054,"qid:46"
"349","yaee","Tue_in|Val1",4813,"qid:46"
"350","glnp","Tue_in|Val1",2299,"qid:46"
"351","deda","Tue_in|Val1",2949,"qid:46"
"352","yghb","Tue_in|Val1",2852,"qid:46"
"353","yqja","Tue_in|Val1",2386,"qid:46"
"354","ccmb","Tue_in|Val1",2094,"qid:46"
"355","yhhq","Tue_in|Val1",7899,"qid:46"
"356","yecs","Tue_in|Val1",2480,"qid:46"
"357","artm","Tue_in|Val1",3281,"qid:46"
"358","gltk","Tue_in|Val1",3789,"qid:46"
"359","nari","Tue_in|Val1",3689,"qid:46"
"360","narv","Tue_in|Val1",3331,"qid:46"
"361","hisq","Tue_in|Val1",552,"qid:46"
"362","tolq","Tue_in|Val1",2189,"qid:46"
"363","aqpz","Tue_in|Val1",1009,"qid:46"
"364","ydgq","Tue_in|Val1",6277,"qid:46"
"365","ybhl","Tue_in|Val1",7934,"qid:46"
"366","ydjz","Tue_in|Val1",5166,"qid:46"
"367","hyac","Tue_in|Val1",5904,"qid:46"
"368","yeiu","Tue_in|Val1",7455,"qid:46"
"3691","hism","Tue_in|Val1",2548,"qid:46"
"3701","artq","Tue_in|Val1",2471,"qid:46"
"3711","pnuc","Tue_in|Val1",6833,"qid:46"
"3721","yehw","Tue_in|Val1",2425,"qid:46"
"3731","ygaz","Tue_in|Val1",2082,"qid:46"
"3741","ccmc","Tue_in|Val1",4715,"qid:46"
"3751","gltj","Tue_in|Val1",1343,"qid:46"
"3761","ycic","Tue_in|Val1",5623,"qid:46"
"3771","cysz","Tue_in|Val1",5758,"qid:46"
"3781","pgpb","Tue_in|Val1",4252,"qid:46"
"379","yadh","Tue_in|Val1",3777,"qid:46"
"3801","ycfz","Tue_in|Val1",2155,"qid:46"
"3811","ydcv","Tue_in|Val1",3644,"qid:46"
"3821","agac","Tue_in|Val1",8150,"qid:46"
"3831","nirc","Tue_in|Val1",3577,"qid:46"
"3841","atpb","Tue_in|Val1",1077,"qid:46"
"3851","potb","Tue_in|Val1",1591,"qid:46"
"3861","glpg","Tue_in|Val1",5856,"qid:46"
"3871","cysu","Tue_in|Val1",326,"qid:46"
"3881","nikc","Tue_in|Val1",4608,"qid:46"
"3891","ugpe","Tue_in|Val1",2305,"qid:46"
"3901","poti","Tue_in|Val1",1121,"qid:46"
"3911","focb","Tue_in|Val1",2045,"qid:46"
"3921","foca","Tue_in|Val1",861,"qid:46"
"3931","yggb","Tue_in|Val1",4973,"qid:46"
"684","yche","Tue_in|Val1",192,"qid:46"
"1047","ynba","Tue_in|Val2",2829,"qid:47"
"1048","ygih","Tue_in|Val2",6004,"qid:47"
"1049","yicg","Tue_in|Val2",2268,"qid:47"
"1050","yigj","Tue_in|Val2",1928,"qid:47"
"1051","yads","Tue_in|Val2",2802,"qid:47"
"1052","yqij","Tue_in|Val2",2366,"qid:47"
"1053","yjdf","Tue_in|Val2",1462,"qid:47"
"1054","yeas","Tue_in|Val2",1712,"qid:47"
"1055","fdni","Tue_in|Val2",5951,"qid:47"
"1056","yaee","Tue_in|Val2",5051,"qid:47"
"1057","glnp","Tue_in|Val2",1724,"qid:47"
"1058","deda","Tue_in|Val2",6562,"qid:47"
"1059","yghb","Tue_in|Val2",6412,"qid:47"
"1060","yqja","Tue_in|Val2",4369,"qid:47"
"1061","ccmb","Tue_in|Val2",2395,"qid:47"
"1062","yhhq","Tue_in|Val2",5775,"qid:47"
"1063","yecs","Tue_in|Val2",1220,"qid:47"
"1064","artm","Tue_in|Val2",3435,"qid:47"
"1065","gltk","Tue_in|Val2",4521,"qid:47"
"1066","nari","Tue_in|Val2",3785,"qid:47"
"1067","narv","Tue_in|Val2",4643,"qid:47"
"1068","hisq","Tue_in|Val2",1008,"qid:47"
"1069","tolq","Tue_in|Val2",1679,"qid:47"
"1070","aqpz","Tue_in|Val2",2066,"qid:47"
"1071","ydgq","Tue_in|Val2",4757,"qid:47"
"1072","ybhl","Tue_in|Val2",6565,"qid:47"
"1073","ydjz","Tue_in|Val2",7458,"qid:47"
"1074","hyac","Tue_in|Val2",4384,"qid:47"
"1075","yeiu","Tue_in|Val2",7448,"qid:47"
"1076","hism","Tue_in|Val2",1941,"qid:47"
"1077","artq","Tue_in|Val2",1576,"qid:47"
"1078","pnuc","Tue_in|Val2",4566,"qid:47"
"1079","yehw","Tue_in|Val2",1470,"qid:47"
"1080","ygaz","Tue_in|Val2",1853,"qid:47"
"1081","ccmc","Tue_in|Val2",5424,"qid:47"
"1082","gltj","Tue_in|Val2",2440,"qid:47"
"1083","ycic","Tue_in|Val2",5715,"qid:47"
"1084","cysz","Tue_in|Val2",4983,"qid:47"
"1085","pgpb","Tue_in|Val2",8217,"qid:47"
"1086","yadh","Tue_in|Val2",3749,"qid:47"
"1087","ycfz","Tue_in|Val2",2715,"qid:47"
"1088","ydcv","Tue_in|Val2",2563,"qid:47"
"1089","agac","Tue_in|Val2",7484,"qid:47"
"1090","nirc","Tue_in|Val2",2873,"qid:47"
"1091","atpb","Tue_in|Val2",1943,"qid:47"
"1092","potb","Tue_in|Val2",1752,"qid:47"
"1093","glpg","Tue_in|Val2",4268,"qid:47"
"1094","cysu","Tue_in|Val2",294,"qid:47"
"1095","nikc","Tue_in|Val2",1742,"qid:47"
"1096","ugpe","Tue_in|Val2",3090,"qid:47"
"1097","poti","Tue_in|Val2",1176,"qid:47"
"1098","focb","Tue_in|Val2",1636,"qid:47"
"1099","foca","Tue_in|Val2",991,"qid:47"
"1100","yggb","Tue_in|Val2",3919,"qid:47"
"1391","yche","Tue_in|Val2",353,"qid:47"
"2461","ynba","Tue_in|Val4",747,"qid:48"
"2462","ygih","Tue_in|Val4",5363,"qid:48"
"2463","yicg","Tue_in|Val4",2416,"qid:48"
"2464","yigj","Tue_in|Val4",2335,"qid:48"
"2465","yads","Tue_in|Val4",3313,"qid:48"
"2466","yqij","Tue_in|Val4",3508,"qid:48"
"2467","yjdf","Tue_in|Val4",2733,"qid:48"
"2468","yeas","Tue_in|Val4",903,"qid:48"
"2469","fdni","Tue_in|Val4",7192,"qid:48"
"2470","yaee","Tue_in|Val4",5988,"qid:48"
"2471","glnp","Tue_in|Val4",1992,"qid:48"
"2472","deda","Tue_in|Val4",7574,"qid:48"
"2473","yghb","Tue_in|Val4",6135,"qid:48"
"2474","yqja","Tue_in|Val4",5208,"qid:48"
"2475","ccmb","Tue_in|Val4",2142,"qid:48"
"2476","yhhq","Tue_in|Val4",7692,"qid:48"
"2477","yecs","Tue_in|Val4",2593,"qid:48"
"2478","artm","Tue_in|Val4",4295,"qid:48"
"2479","gltk","Tue_in|Val4",4559,"qid:48"
"2480","nari","Tue_in|Val4",3807,"qid:48"
"2481","narv","Tue_in|Val4",3996,"qid:48"
"2482","hisq","Tue_in|Val4",2156,"qid:48"
"2483","tolq","Tue_in|Val4",2602,"qid:48"
"2484","aqpz","Tue_in|Val4",2763,"qid:48"
"2485","ydgq","Tue_in|Val4",5840,"qid:48"
"2486","ybhl","Tue_in|Val4",7640,"qid:48"
"2487","ydjz","Tue_in|Val4",7131,"qid:48"
"2488","hyac","Tue_in|Val4",5948,"qid:48"
"2489","yeiu","Tue_in|Val4",5671,"qid:48"
"2490","hism","Tue_in|Val4",2060,"qid:48"
"2491","artq","Tue_in|Val4",2897,"qid:48"
"2492","pnuc","Tue_in|Val4",6664,"qid:48"
"2493","yehw","Tue_in|Val4",4013,"qid:48"
"2494","ygaz","Tue_in|Val4",1958,"qid:48"
"2495","ccmc","Tue_in|Val4",7615,"qid:48"
"2496","gltj","Tue_in|Val4",2873,"qid:48"
"2497","ycic","Tue_in|Val4",7639,"qid:48"
"2498","cysz","Tue_in|Val4",5246,"qid:48"
"2499","pgpb","Tue_in|Val4",6512,"qid:48"
"2500","yadh","Tue_in|Val4",3477,"qid:48"
"2501","ycfz","Tue_in|Val4",2107,"qid:48"
"2502","ydcv","Tue_in|Val4",3836,"qid:48"
"2503","agac","Tue_in|Val4",7106,"qid:48"
"2504","nirc","Tue_in|Val4",3527,"qid:48"
"2505","atpb","Tue_in|Val4",770,"qid:48"
"2506","potb","Tue_in|Val4",2058,"qid:48"
"2507","glpg","Tue_in|Val4",6029,"qid:48"
"2508","cysu","Tue_in|Val4",301,"qid:48"
"2509","nikc","Tue_in|Val4",4256,"qid:48"
"2510","ugpe","Tue_in|Val4",3149,"qid:48"
"2511","poti","Tue_in|Val4",848,"qid:48"
"2512","focb","Tue_in|Val4",1664,"qid:48"
"2513","foca","Tue_in|Val4",2148,"qid:48"
"2514","yggb","Tue_in|Val4",3789,"qid:48"
"2805","yche","Tue_in|Val4",257,"qid:48"
"682","cyoc","Tue_out|Val1",472,"qid:49"
"683","ygga","Tue_out|Val1",298,"qid:49"
"685","yiad","Tue_out|Val1",1767,"qid:49"
"686","yqfa","Tue_out|Val1",550,"qid:49"
"687","gspo","Tue_out|Val1",315,"qid:49"
"688","yabi","Tue_out|Val1",515,"qid:49"
"689","yjjp","Tue_out|Val1",585,"qid:49"
"690","yrbe","Tue_out|Val1",149,"qid:49"
"691","ypjd","Tue_out|Val1",450,"qid:49"
"692","yfca","Tue_out|Val1",329,"qid:49"
"693","pppa","Tue_out|Val1",197,"qid:49"
"694","yohm","Tue_out|Val1",545,"qid:49"
"695","ampe","Tue_out|Val1",256,"qid:49"
"1389","cyoc","Tue_out|Val2",472,"qid:50"
"1390","ygga","Tue_out|Val2",298,"qid:50"
"1392","yiad","Tue_out|Val2",1767,"qid:50"
"1393","yqfa","Tue_out|Val2",550,"qid:50"
"1394","gspo","Tue_out|Val2",315,"qid:50"
"1395","yabi","Tue_out|Val2",515,"qid:50"
"1396","yjjp","Tue_out|Val2",585,"qid:50"
"1397","yrbe","Tue_out|Val2",149,"qid:50"
"1398","ypjd","Tue_out|Val2",450,"qid:50"
"1399","yfca","Tue_out|Val2",329,"qid:50"
"1400","pppa","Tue_out|Val2",197,"qid:50"
"1401","yohm","Tue_out|Val2",545,"qid:50"
"1402","ampe","Tue_out|Val2",256,"qid:50"
"2803","cyoc","Tue_out|Val4",472,"qid:51"
"2804","ygga","Tue_out|Val4",298,"qid:51"
"2806","yiad","Tue_out|Val4",1767,"qid:51"
"2807","yqfa","Tue_out|Val4",550,"qid:51"
"2808","gspo","Tue_out|Val4",315,"qid:51"
"2809","yabi","Tue_out|Val4",515,"qid:51"
"2810","yjjp","Tue_out|Val4",585,"qid:51"
"2811","yrbe","Tue_out|Val4",149,"qid:51"
"2812","ypjd","Tue_out|Val4",450,"qid:51"
"2813","yfca","Tue_out|Val4",329,"qid:51"
"2814","pppa","Tue_out|Val4",197,"qid:51"
"2815","yohm","Tue_out|Val4",545,"qid:51"
"2816","ampe","Tue_out|Val4",256,"qid:51"
"3941","rbn","Wed_in|Val1",0,"qid:52"
"3951","lgt","Wed_in|Val1",10516,"qid:52"
"3961","htpx","Wed_in|Val1",10860,"qid:52"
"3971","ycjo","Wed_in|Val1",1017,"qid:52"
"3981","mota","Wed_in|Val1",3689,"qid:52"
"3991","ybif","Wed_in|Val1",11586,"qid:52"
"4001","ugpa","Wed_in|Val1",4829,"qid:52"
"4011","rard","Wed_in|Val1",11457,"qid:52"
"4021","sapc","Wed_in|Val1",7058,"qid:52"
"4031","malg","Wed_in|Val1",6222,"qid:52"
"4041","yded","Wed_in|Val1",12009,"qid:52"
"4051","yiip","Wed_in|Val1",7693,"qid:52"
"4061","dppc","Wed_in|Val1",5092,"qid:52"
"4071","oppc","Wed_in|Val1",5489,"qid:52"
"4081","yedi","Wed_in|Val1",8381,"qid:52"
"4091","yeda","Wed_in|Val1",5986,"qid:52"
"4101","yfdh","Wed_in|Val1",8449,"qid:52"
"4111","ylic","Wed_in|Val1",8855,"qid:52"
"4121","oppb","Wed_in|Val1",5057,"qid:52"
"4131","yicl","Wed_in|Val1",5593,"qid:52"
"4141","livh","Wed_in|Val1",3403,"qid:52"
"4151","yihg","Wed_in|Val1",4550,"qid:52"
"4161","yfdc","Wed_in|Val1",4783,"qid:52"
"4171","ydcu","Wed_in|Val1",5046,"qid:52"
"4181","ynef","Wed_in|Val1",110,"qid:52"
"4191","ybhn","Wed_in|Val1",6752,"qid:52"
"4201","fecd","Wed_in|Val1",2226,"qid:52"
"4211","pstc","Wed_in|Val1",5177,"qid:52"
"4221","yhbe","Wed_in|Val1",9526,"qid:52"
"4231","rbsc","Wed_in|Val1",2376,"qid:52"
"4241","sapb","Wed_in|Val1",2512,"qid:52"
"4251","ygjt","Wed_in|Val1",10220,"qid:52"
"4261","yfbf","Wed_in|Val1",5751,"qid:52"
"4271","ytff","Wed_in|Val1",12527,"qid:52"
"4281","cld","Wed_in|Val1",798,"qid:52"
"4291","alsc","Wed_in|Val1",2819,"qid:52"
"4301","ydan","Wed_in|Val1",2672,"qid:52"
"4311","kdgt","Wed_in|Val1",3749,"qid:52"
"4321","teha","Wed_in|Val1",3962,"qid:52"
"4331","fepg","Wed_in|Val1",6259,"qid:52"
"4341","ydez","Wed_in|Val1",6085,"qid:52"
"4351","yjff","Wed_in|Val1",5049,"qid:52"
"4361","yiah","Wed_in|Val1",3696,"qid:52"
"4371","yphd","Wed_in|Val1",681,"qid:52"
"4381","fecc","Wed_in|Val1",4654,"qid:52"
"4391","fepd","Wed_in|Val1",9958,"qid:52"
"4401","mglc","Wed_in|Val1",6292,"qid:52"
"4411","yhjd","Wed_in|Val1",10123,"qid:52"
"4421","dppb","Wed_in|Val1",4924,"qid:52"
"4431","yddr","Wed_in|Val1",4559,"qid:52"
"4441","yeje","Wed_in|Val1",3019,"qid:52"
"4451","ytft","Wed_in|Val1",5367,"qid:52"
"4461","ynai","Wed_in|Val1",2376,"qid:52"
"4471","ynji","Wed_in|Val1",2006,"qid:52"
"4481","wzze","Wed_in|Val1",1306,"qid:52"
"4491","yhht","Wed_in|Val1",2311,"qid:52"
"450","sohb","Wed_in|Val1",9140,"qid:52"
"4511","yeee","Wed_in|Val1",6687,"qid:52"
"4521","ftsx","Wed_in|Val1",6361,"qid:52"
"4531","yeea","Wed_in|Val1",1886,"qid:52"
"4541","ycjf","Wed_in|Val1",9500,"qid:52"
"4551","frwc","Wed_in|Val1",7045.323545,"qid:52"
"4561","yjgq","Wed_in|Val1",3196,"qid:52"
"4571","bass","Wed_in|Val1",5061,"qid:52"
"458","yhim","Wed_in|Val1",3927,"qid:52"
"1101","rbn","Wed_in|Val2",4309,"qid:53"
"1102","lgt","Wed_in|Val2",9985,"qid:53"
"1103","htpx","Wed_in|Val2",10508,"qid:53"
"1104","ycjo","Wed_in|Val2",1895,"qid:53"
"1105","mota","Wed_in|Val2",3893,"qid:53"
"1106","ybif","Wed_in|Val2",9674,"qid:53"
"1107","ugpa","Wed_in|Val2",5484,"qid:53"
"1108","rard","Wed_in|Val2",13168,"qid:53"
"1109","sapc","Wed_in|Val2",7831,"qid:53"
"1110","malg","Wed_in|Val2",5327,"qid:53"
"1111","yded","Wed_in|Val2",9012,"qid:53"
"1112","yiip","Wed_in|Val2",7928,"qid:53"
"1113","dppc","Wed_in|Val2",8185,"qid:53"
"1114","oppc","Wed_in|Val2",6238,"qid:53"
"1115","yedi","Wed_in|Val2",10855,"qid:53"
"1116","yeda","Wed_in|Val2",5144,"qid:53"
"1117","yfdh","Wed_in|Val2",7813,"qid:53"
"1118","ylic","Wed_in|Val2",10626,"qid:53"
"1119","oppb","Wed_in|Val2",5254,"qid:53"
"1120","yicl","Wed_in|Val2",4774,"qid:53"
"1121","livh","Wed_in|Val2",4248,"qid:53"
"1122","yihg","Wed_in|Val2",3747,"qid:53"
"1123","yfdc","Wed_in|Val2",5818,"qid:53"
"1124","ydcu","Wed_in|Val2",5563,"qid:53"
"1125","ynef","Wed_in|Val2",99,"qid:53"
"1126","ybhn","Wed_in|Val2",8757,"qid:53"
"1127","fecd","Wed_in|Val2",1972,"qid:53"
"1128","pstc","Wed_in|Val2",4618,"qid:53"
"1129","yhbe","Wed_in|Val2",10448,"qid:53"
"1130","rbsc","Wed_in|Val2",2247,"qid:53"
"1131","sapb","Wed_in|Val2",2414,"qid:53"
"1132","ygjt","Wed_in|Val2",9922,"qid:53"
"1133","yfbf","Wed_in|Val2",4093,"qid:53"
"1134","ytff","Wed_in|Val2",12529,"qid:53"
"1135","cld","Wed_in|Val2",879,"qid:53"
"1136","alsc","Wed_in|Val2",5306,"qid:53"
"1137","ydan","Wed_in|Val2",1972,"qid:53"
"1138","kdgt","Wed_in|Val2",3763,"qid:53"
"1139","teha","Wed_in|Val2",4436,"qid:53"
"1140","fepg","Wed_in|Val2",5583,"qid:53"
"1141","ydez","Wed_in|Val2",4525,"qid:53"
"1142","yjff","Wed_in|Val2",8410,"qid:53"
"1143","yiah","Wed_in|Val2",4268,"qid:53"
"1144","yphd","Wed_in|Val2",593,"qid:53"
"1145","fecc","Wed_in|Val2",5442,"qid:53"
"1146","fepd","Wed_in|Val2",10228,"qid:53"
"1147","mglc","Wed_in|Val2",6973,"qid:53"
"1148","yhjd","Wed_in|Val2",10144,"qid:53"
"1149","dppb","Wed_in|Val2",4828,"qid:53"
"1150","yddr","Wed_in|Val2",4203,"qid:53"
"1151","yeje","Wed_in|Val2",3108,"qid:53"
"1152","ytft","Wed_in|Val2",4982,"qid:53"
"1153","ynai","Wed_in|Val2",2029,"qid:53"
"1154","ynji","Wed_in|Val2",2255,"qid:53"
"1155","wzze","Wed_in|Val2",1708,"qid:53"
"1156","yhht","Wed_in|Val2",2183,"qid:53"
"1157","sohb","Wed_in|Val2",8066,"qid:53"
"1158","yeee","Wed_in|Val2",6729,"qid:53"
"1159","ftsx","Wed_in|Val2",7137,"qid:53"
"1160","yeea","Wed_in|Val2",2280,"qid:53"
"1161","ycjf","Wed_in|Val2",16757,"qid:53"
"1162","frwc","Wed_in|Val2",4918.272675,"qid:53"
"1163","yjgq","Wed_in|Val2",4521,"qid:53"
"1164","bass","Wed_in|Val2",4692,"qid:53"
"1165","yhim","Wed_in|Val2",2620,"qid:53"
"2515","rbn","Wed_in|Val4",4206,"qid:54"
"2516","lgt","Wed_in|Val4",9216,"qid:54"
"2517","htpx","Wed_in|Val4",10386,"qid:54"
"2518","ycjo","Wed_in|Val4",1584,"qid:54"
"2519","mota","Wed_in|Val4",3695,"qid:54"
"2520","ybif","Wed_in|Val4",11718,"qid:54"
"2521","ugpa","Wed_in|Val4",4272,"qid:54"
"2522","rard","Wed_in|Val4",12800,"qid:54"
"2523","sapc","Wed_in|Val4",7631,"qid:54"
"2524","malg","Wed_in|Val4",6202,"qid:54"
"2525","yded","Wed_in|Val4",9760,"qid:54"
"2526","yiip","Wed_in|Val4",8353,"qid:54"
"2527","dppc","Wed_in|Val4",8494,"qid:54"
"2528","oppc","Wed_in|Val4",6688,"qid:54"
"2529","yedi","Wed_in|Val4",10412,"qid:54"
"2530","yeda","Wed_in|Val4",6803,"qid:54"
"2531","yfdh","Wed_in|Val4",9919,"qid:54"
"2532","ylic","Wed_in|Val4",10180,"qid:54"
"2533","oppb","Wed_in|Val4",5245,"qid:54"
"2534","yicl","Wed_in|Val4",5590,"qid:54"
"2535","livh","Wed_in|Val4",3688,"qid:54"
"2536","yihg","Wed_in|Val4",4270,"qid:54"
"2537","yfdc","Wed_in|Val4",3506,"qid:54"
"2538","ydcu","Wed_in|Val4",5144,"qid:54"
"2539","ynef","Wed_in|Val4",125,"qid:54"
"2540","ybhn","Wed_in|Val4",6795,"qid:54"
"2541","fecd","Wed_in|Val4",1855,"qid:54"
"2542","pstc","Wed_in|Val4",4666,"qid:54"
"2543","yhbe","Wed_in|Val4",13797,"qid:54"
"2544","rbsc","Wed_in|Val4",2459,"qid:54"
"2545","sapb","Wed_in|Val4",3621,"qid:54"
"2546","ygjt","Wed_in|Val4",13001,"qid:54"
"2547","yfbf","Wed_in|Val4",4469,"qid:54"
"2548","ytff","Wed_in|Val4",15606,"qid:54"
"2549","cld","Wed_in|Val4",546,"qid:54"
"2550","alsc","Wed_in|Val4",3271,"qid:54"
"2551","ydan","Wed_in|Val4",2197,"qid:54"
"2552","kdgt","Wed_in|Val4",3448,"qid:54"
"2553","teha","Wed_in|Val4",2889,"qid:54"
"2554","fepg","Wed_in|Val4",4068,"qid:54"
"2555","ydez","Wed_in|Val4",4844,"qid:54"
"2556","yjff","Wed_in|Val4",5142,"qid:54"
"2557","yiah","Wed_in|Val4",3804,"qid:54"
"2558","yphd","Wed_in|Val4",628,"qid:54"
"2559","fecc","Wed_in|Val4",1771,"qid:54"
"2560","fepd","Wed_in|Val4",8616,"qid:54"
"2561","mglc","Wed_in|Val4",5433,"qid:54"
"2562","yhjd","Wed_in|Val4",9726,"qid:54"
"2563","dppb","Wed_in|Val4",4398,"qid:54"
"2564","yddr","Wed_in|Val4",4090,"qid:54"
"2565","yeje","Wed_in|Val4",3089,"qid:54"
"2566","ytft","Wed_in|Val4",5576,"qid:54"
"2567","ynai","Wed_in|Val4",1058,"qid:54"
"2568","ynji","Wed_in|Val4",2113,"qid:54"
"2569","wzze","Wed_in|Val4",1328,"qid:54"
"2570","yhht","Wed_in|Val4",1056,"qid:54"
"2571","sohb","Wed_in|Val4",12693,"qid:54"
"2572","yeee","Wed_in|Val4",5305,"qid:54"
"2573","ftsx","Wed_in|Val4",5431,"qid:54"
"2574","yeea","Wed_in|Val4",1623,"qid:54"
"2575","ycjf","Wed_in|Val4",11962,"qid:54"
"2576","frwc","Wed_in|Val4",5189.922242,"qid:54"
"2577","yjgq","Wed_in|Val4",4791,"qid:54"
"2578","bass","Wed_in|Val4",5258,"qid:54"
"2579","yhim","Wed_in|Val4",2541,"qid:54"
"696","dmsc","Wed_out|Val1",714,"qid:55"
"697","ubia","Wed_out|Val1",507,"qid:55"
"698","yebz","Wed_out|Val1",328,"qid:55"
"699","hycd","Wed_out|Val1",0,"qid:55"
"700","hyfc","Wed_out|Val1",554,"qid:55"
"701","lepb","Wed_out|Val1",1211,"qid:55"
"702","nuoh","Wed_out|Val1",389,"qid:55"
"703","rhat","Wed_out|Val1",449,"qid:55"
"704","yeih","Wed_out|Val1",575,"qid:55"
"705","ccmh","Wed_out|Val1",692,"qid:55"
"706","yghq","Wed_out|Val1",144,"qid:55"
"707","yccm","Wed_out|Val1",661,"qid:55"
"1403","dmsc","Wed_out|Val2",784,"qid:56"
"1404","ubia","Wed_out|Val2",285,"qid:56"
"1405","yebz","Wed_out|Val2",423,"qid:56"
"1406","hycd","Wed_out|Val2",477,"qid:56"
"1407","hyfc","Wed_out|Val2",569,"qid:56"
"1408","lepb","Wed_out|Val2",1753,"qid:56"
"1409","nuoh","Wed_out|Val2",262,"qid:56"
"1410","rhat","Wed_out|Val2",430,"qid:56"
"1411","yeih","Wed_out|Val2",480,"qid:56"
"1412","ccmh","Wed_out|Val2",442,"qid:56"
"1413","yghq","Wed_out|Val2",146,"qid:56"
"1414","yccm","Wed_out|Val2",2472,"qid:56"
"2817","dmsc","Wed_out|Val4",1017,"qid:57"
"2818","ubia","Wed_out|Val4",645,"qid:57"
"2819","yebz","Wed_out|Val4",662,"qid:57"
"2820","hycd","Wed_out|Val4",636,"qid:57"
"2821","hyfc","Wed_out|Val4",629,"qid:57"
"2822","lepb","Wed_out|Val4",1674,"qid:57"
"2823","nuoh","Wed_out|Val4",458,"qid:57"
"2824","rhat","Wed_out|Val4",476,"qid:57"
"2825","yeih","Wed_out|Val4",1474,"qid:57"
"2826","ccmh","Wed_out|Val4",841,"qid:57"
"2827","yghq","Wed_out|Val4",156,"qid:57"
"2828","yccm","Wed_out|Val4",598,"qid:57"
