Type,Construct,Band,Area from Image,Percent (Just an identifier),ml21 scores,Agreement?,Change in ml21 scores
YgdD,WT,UNFOLDED,62748,50.167,,,
YgdD,WT,FOLDED,24325,19.448,-0.198,TRUE,-0.397
YgdD,MUT,UNFOLDED,19244,15.386,,,
YgdD,MUT,FOLDED,18761,14.999,-0.595,,
BrnQ,WT,UNFOLDED,16711,27.325,,,
BrnQ,WT,FOLDED,13870,22.679,0.818,TRUE,0.346
BrnQ,MUT,UNFOLDED,11742,19.199,,,
BrnQ,MUT,FOLDED,18835,30.797,1.164,,
YbjJ,WT,UNFOLDED,7905,9.907,,,
YbjJ,WT,FOLDED,33818,42.381,0.774,FALSE,0.038
YbjJ,MUT,UNFOLDED,6480,8.121,,,
YbjJ,MUT,FOLDED,31592,39.591,0.812,,